"","x"
"1","Mcavernosa06188"
"2","Mcavernosa06189"
"3","Mcavernosa06217"
"4","Mcavernosa06219"
"5","Mcavernosa06257"
"6","Mcavernosa06258"
"7","Mcavernosa06270"
"8","Mcavernosa06273"
"9","Mcavernosa06294"
"10","Mcavernosa06303"
"11","Mcavernosa06304"
"12","Mcavernosa06310"
"13","Mcavernosa06317"
"14","Mcavernosa06327"
"15","Mcavernosa06326"
"16","Mcavernosa06336"
"17","Mcavernosa06337"
"18","Mcavernosa06414"
"19","Mcavernosa06457"
"20","Mcavernosa06469"
"21","Mcavernosa06503"
"22","Mcavernosa06617"
"23","Mcavernosa06686"
"24","Mcavernosa06700"
"25","Mcavernosa06729"
"26","Mcavernosa06790"
"27","Mcavernosa06802"
"28","Mcavernosa06849"
"29","Mcavernosa06896"
"30","Mcavernosa06975"
"31","Mcavernosa06996"
"32","Mcavernosa07015"
"33","Mcavernosa07092"
"34","Mcavernosa07228"
"35","Mcavernosa00053"
"36","Mcavernosa00064"
"37","Mcavernosa00120"
"38","Mcavernosa00124"
"39","Mcavernosa00292"
"40","Mcavernosa00293"
"41","Mcavernosa00294"
"42","Mcavernosa00433"
"43","Mcavernosa00478"
"44","Mcavernosa00479"
"45","Mcavernosa00574"
"46","Mcavernosa00583"
"47","Mcavernosa00590"
"48","Mcavernosa00617"
"49","Mcavernosa00655"
"50","Mcavernosa00695"
"51","Mcavernosa00698"
"52","Mcavernosa00718"
"53","Mcavernosa00724"
"54","Mcavernosa00764"
"55","Mcavernosa00765"
"56","Mcavernosa00769"
"57","Mcavernosa00772"
"58","Mcavernosa00806"
"59","Mcavernosa00814"
"60","Mcavernosa00820"
"61","Mcavernosa00824"
"62","Mcavernosa00828"
"63","Mcavernosa00832"
"64","Mcavernosa00972"
"65","Mcavernosa00987"
"66","Mcavernosa01022"
"67","Mcavernosa01040"
"68","Mcavernosa01042"
"69","Mcavernosa01052"
"70","Mcavernosa01115"
"71","Mcavernosa01284"
"72","Mcavernosa01289"
"73","Mcavernosa01306"
"74","Mcavernosa01307"
"75","Mcavernosa01309"
"76","Mcavernosa01348"
"77","Mcavernosa01482"
"78","Mcavernosa01483"
"79","Mcavernosa01499"
"80","Mcavernosa01767"
"81","Mcavernosa01856"
"82","Mcavernosa01884"
"83","Mcavernosa01931"
"84","Mcavernosa01988"
"85","Mcavernosa02057"
"86","Mcavernosa02122"
"87","Mcavernosa02141"
"88","Mcavernosa02158"
"89","Mcavernosa03299"
"90","Mcavernosa03423"
"91","Mcavernosa03432"
"92","Mcavernosa03456"
"93","Mcavernosa03474"
"94","Mcavernosa03478"
"95","Mcavernosa03493"
"96","Mcavernosa03509"
"97","Mcavernosa03599"
"98","Mcavernosa03637"
"99","Mcavernosa03638"
"100","Mcavernosa03659"
"101","Mcavernosa03670"
"102","Mcavernosa03669"
"103","Mcavernosa03693"
"104","Mcavernosa03736"
"105","Mcavernosa03756"
"106","Mcavernosa03758"
"107","Mcavernosa03761"
"108","Mcavernosa03770"
"109","Mcavernosa03816"
"110","Mcavernosa03817"
"111","Mcavernosa03821"
"112","Mcavernosa03875"
"113","Mcavernosa03923"
"114","Mcavernosa03922"
"115","Mcavernosa03941"
"116","Mcavernosa04020"
"117","Mcavernosa04070"
"118","Mcavernosa04145"
"119","Mcavernosa04150"
"120","Mcavernosa04222"
"121","Mcavernosa07262"
"122","Mcavernosa07274"
"123","Mcavernosa07301"
"124","Mcavernosa07317"
"125","Mcavernosa07325"
"126","Mcavernosa07334"
"127","Mcavernosa07345"
"128","Mcavernosa07349"
"129","Mcavernosa07362"
"130","Mcavernosa07364"
"131","Mcavernosa07368"
"132","Mcavernosa07479"
"133","Mcavernosa07482"
"134","Mcavernosa07498"
"135","Mcavernosa07502"
"136","Mcavernosa07509"
"137","Mcavernosa07650"
"138","Mcavernosa07685"
"139","Mcavernosa07786"
"140","Mcavernosa07810"
"141","Mcavernosa07823"
"142","Mcavernosa07841"
"143","Mcavernosa07881"
"144","Mcavernosa08049"
"145","Mcavernosa08100"
"146","Mcavernosa08172"
"147","Mcavernosa08178"
"148","Mcavernosa08260"
"149","Mcavernosa08261"
"150","Mcavernosa08283"
"151","Mcavernosa24360"
"152","Mcavernosa24379"
"153","Mcavernosa24405"
"154","Mcavernosa24430"
"155","Mcavernosa24451"
"156","Mcavernosa24512"
"157","Mcavernosa24552"
"158","Mcavernosa24570"
"159","Mcavernosa24577"
"160","Mcavernosa24596"
"161","Mcavernosa24619"
"162","Mcavernosa24621"
"163","Mcavernosa24728"
"164","Mcavernosa24780"
"165","Mcavernosa24787"
"166","Mcavernosa24788"
"167","Mcavernosa24789"
"168","Mcavernosa24796"
"169","Mcavernosa24806"
"170","Mcavernosa24881"
"171","Mcavernosa24994"
"172","Mcavernosa25033"
"173","Mcavernosa25055"
"174","Mcavernosa25137"
"175","Mcavernosa25165"
"176","Mcavernosa25169"
"177","Mcavernosa25195"
"178","Mcavernosa25262"
"179","Mcavernosa25264"
"180","Mcavernosa25265"
"181","Mcavernosa25289"
"182","Mcavernosa25315"
"183","Mcavernosa25338"
"184","Mcavernosa25351"
"185","Mcavernosa25362"
"186","Mcavernosa16401"
"187","Mcavernosa16404"
"188","Mcavernosa16418"
"189","Mcavernosa16442"
"190","Mcavernosa16443"
"191","Mcavernosa16448"
"192","Mcavernosa16481"
"193","Mcavernosa16494"
"194","Mcavernosa16500"
"195","Mcavernosa16505"
"196","Mcavernosa16520"
"197","Mcavernosa16518"
"198","Mcavernosa16522"
"199","Mcavernosa16526"
"200","Mcavernosa16539"
"201","Mcavernosa16542"
"202","Mcavernosa16552"
"203","Mcavernosa16554"
"204","Mcavernosa16687"
"205","Mcavernosa16688"
"206","Mcavernosa16689"
"207","Mcavernosa16752"
"208","Mcavernosa17050"
"209","Mcavernosa17123"
"210","Mcavernosa17222"
"211","Mcavernosa17249"
"212","Mcavernosa17261"
"213","Mcavernosa17260"
"214","Mcavernosa17264"
"215","Mcavernosa17282"
"216","Mcavernosa17341"
"217","Mcavernosa02180"
"218","Mcavernosa02245"
"219","Mcavernosa02360"
"220","Mcavernosa02436"
"221","Mcavernosa02471"
"222","Mcavernosa02474"
"223","Mcavernosa02475"
"224","Mcavernosa02504"
"225","Mcavernosa02516"
"226","Mcavernosa02525"
"227","Mcavernosa02530"
"228","Mcavernosa02574"
"229","Mcavernosa02664"
"230","Mcavernosa02673"
"231","Mcavernosa02681"
"232","Mcavernosa02685"
"233","Mcavernosa02791"
"234","Mcavernosa02795"
"235","Mcavernosa02853"
"236","Mcavernosa02905"
"237","Mcavernosa02954"
"238","Mcavernosa02956"
"239","Mcavernosa02987"
"240","Mcavernosa03049"
"241","Mcavernosa03083"
"242","Mcavernosa03082"
"243","Mcavernosa03093"
"244","Mcavernosa30757"
"245","Mcavernosa30789"
"246","Mcavernosa30790"
"247","Mcavernosa30791"
"248","Mcavernosa30856"
"249","Mcavernosa30898"
"250","Mcavernosa30921"
"251","Mcavernosa30939"
"252","Mcavernosa30941"
"253","Mcavernosa30971"
"254","Mcavernosa30992"
"255","Mcavernosa30993"
"256","Mcavernosa31036"
"257","Mcavernosa31049"
"258","Mcavernosa31132"
"259","Mcavernosa31140"
"260","Mcavernosa31167"
"261","Mcavernosa31208"
"262","Mcavernosa31428"
"263","Mcavernosa31431"
"264","Mcavernosa31439"
"265","Mcavernosa31449"
"266","Mcavernosa31510"
"267","Mcavernosa31531"
"268","Mcavernosa31537"
"269","Mcavernosa31539"
"270","Mcavernosa31551"
"271","Mcavernosa31597"
"272","Mcavernosa04235"
"273","Mcavernosa04237"
"274","Mcavernosa04287"
"275","Mcavernosa04334"
"276","Mcavernosa04384"
"277","Mcavernosa04452"
"278","Mcavernosa04455"
"279","Mcavernosa04491"
"280","Mcavernosa04492"
"281","Mcavernosa04504"
"282","Mcavernosa04512"
"283","Mcavernosa04518"
"284","Mcavernosa04519"
"285","Mcavernosa04606"
"286","Mcavernosa04607"
"287","Mcavernosa04619"
"288","Mcavernosa04621"
"289","Mcavernosa04623"
"290","Mcavernosa04669"
"291","Mcavernosa04683"
"292","Mcavernosa04750"
"293","Mcavernosa04777"
"294","Mcavernosa04778"
"295","Mcavernosa04888"
"296","Mcavernosa04887"
"297","Mcavernosa04963"
"298","Mcavernosa04975"
"299","Mcavernosa04980"
"300","Mcavernosa04961"
"301","Mcavernosa05014"
"302","Mcavernosa05114"
"303","Mcavernosa05135"
"304","Mcavernosa05165"
"305","Mcavernosa05191"
"306","Mcavernosa05192"
"307","Mcavernosa05194"
"308","Mcavernosa05323"
"309","Mcavernosa05368"
"310","Mcavernosa05534"
"311","Mcavernosa05640"
"312","Mcavernosa05659"
"313","Mcavernosa05702"
"314","Mcavernosa05716"
"315","Mcavernosa05746"
"316","Mcavernosa05761"
"317","Mcavernosa05765"
"318","Mcavernosa05804"
"319","Mcavernosa05843"
"320","Mcavernosa05895"
"321","Mcavernosa05928"
"322","Mcavernosa05994"
"323","Mcavernosa06044"
"324","Mcavernosa06049"
"325","Mcavernosa06053"
"326","Mcavernosa06054"
"327","Mcavernosa06058"
"328","Mcavernosa06084"
"329","Mcavernosa06103"
"330","Mcavernosa06125"
"331","Mcavernosa06128"
"332","Mcavernosa12242"
"333","Mcavernosa12281"
"334","Mcavernosa12429"
"335","Mcavernosa12508"
"336","Mcavernosa12569"
"337","Mcavernosa12575"
"338","Mcavernosa12633"
"339","Mcavernosa12687"
"340","Mcavernosa12701"
"341","Mcavernosa12801"
"342","Mcavernosa12819"
"343","Mcavernosa12821"
"344","Mcavernosa12838"
"345","Mcavernosa13010"
"346","Mcavernosa13020"
"347","Mcavernosa13095"
"348","Mcavernosa13097"
"349","Mcavernosa13134"
"350","Mcavernosa13145"
"351","Mcavernosa13194"
"352","Mcavernosa13257"
"353","Mcavernosa13261"
"354","Mcavernosa13277"
"355","Mcavernosa13288"
"356","Mcavernosa13336"
"357","Mcavernosa13373"
"358","Mcavernosa13441"
"359","Mcavernosa13440"
"360","Mcavernosa13474"
"361","Mcavernosa13480"
"362","Mcavernosa13555"
"363","Mcavernosa13586"
"364","Mcavernosa13647"
"365","Mcavernosa13671"
"366","Mcavernosa13677"
"367","Mcavernosa13720"
"368","Mcavernosa13726"
"369","Mcavernosa13871"
"370","Mcavernosa13878"
"371","Mcavernosa13759"
"372","Mcavernosa13905"
"373","Mcavernosa13988"
"374","Mcavernosa14009"
"375","Mcavernosa14015"
"376","Mcavernosa14056"
"377","Mcavernosa14084"
"378","Mcavernosa14183"
"379","Mcavernosa14215"
"380","Mcavernosa14223"
"381","Mcavernosa14243"
"382","Mcavernosa14253"
"383","Mcavernosa14295"
"384","Mcavernosa27846"
"385","Mcavernosa27987"
"386","Mcavernosa27992"
"387","Mcavernosa28016"
"388","Mcavernosa28023"
"389","Mcavernosa28029"
"390","Mcavernosa28259"
"391","Mcavernosa28270"
"392","Mcavernosa28272"
"393","Mcavernosa28294"
"394","Mcavernosa28313"
"395","Mcavernosa28333"
"396","Mcavernosa28349"
"397","Mcavernosa28410"
"398","Mcavernosa28431"
"399","Mcavernosa28485"
"400","Mcavernosa28490"
"401","Mcavernosa28493"
"402","Mcavernosa28498"
"403","Mcavernosa28499"
"404","Mcavernosa28508"
"405","Mcavernosa28528"
"406","Mcavernosa28529"
"407","Mcavernosa28546"
"408","Mcavernosa28635"
"409","Mcavernosa28642"
"410","Mcavernosa28658"
"411","Mcavernosa08350"
"412","Mcavernosa08352"
"413","Mcavernosa08366"
"414","Mcavernosa08384"
"415","Mcavernosa08388"
"416","Mcavernosa08391"
"417","Mcavernosa08392"
"418","Mcavernosa08433"
"419","Mcavernosa08449"
"420","Mcavernosa08646"
"421","Mcavernosa08738"
"422","Mcavernosa08760"
"423","Mcavernosa08841"
"424","Mcavernosa08863"
"425","Mcavernosa08956"
"426","Mcavernosa08981"
"427","Mcavernosa09009"
"428","Mcavernosa09054"
"429","Mcavernosa09058"
"430","Mcavernosa09071"
"431","Mcavernosa09173"
"432","Mcavernosa09200"
"433","Mcavernosa14345"
"434","Mcavernosa14449"
"435","Mcavernosa14493"
"436","Mcavernosa14547"
"437","Mcavernosa14552"
"438","Mcavernosa14553"
"439","Mcavernosa14579"
"440","Mcavernosa14580"
"441","Mcavernosa14628"
"442","Mcavernosa14643"
"443","Mcavernosa14704"
"444","Mcavernosa14746"
"445","Mcavernosa14817"
"446","Mcavernosa14862"
"447","Mcavernosa14960"
"448","Mcavernosa15122"
"449","Mcavernosa15139"
"450","Mcavernosa15171"
"451","Mcavernosa15167"
"452","Mcavernosa15172"
"453","Mcavernosa15205"
"454","Mcavernosa15229"
"455","Mcavernosa15231"
"456","Mcavernosa15232"
"457","Mcavernosa15233"
"458","Mcavernosa15235"
"459","Mcavernosa15237"
"460","Mcavernosa15238"
"461","Mcavernosa15239"
"462","Mcavernosa15275"
"463","Mcavernosa15292"
"464","Mcavernosa15301"
"465","Mcavernosa15336"
"466","Mcavernosa15352"
"467","Mcavernosa11274"
"468","Mcavernosa11346"
"469","Mcavernosa11398"
"470","Mcavernosa11481"
"471","Mcavernosa11488"
"472","Mcavernosa11555"
"473","Mcavernosa11558"
"474","Mcavernosa11715"
"475","Mcavernosa11724"
"476","Mcavernosa11825"
"477","Mcavernosa11835"
"478","Mcavernosa11870"
"479","Mcavernosa11872"
"480","Mcavernosa11877"
"481","Mcavernosa11905"
"482","Mcavernosa11924"
"483","Mcavernosa11951"
"484","Mcavernosa11964"
"485","Mcavernosa12018"
"486","Mcavernosa12020"
"487","Mcavernosa12065"
"488","Mcavernosa12095"
"489","Mcavernosa12121"
"490","Mcavernosa12138"
"491","Mcavernosa31678"
"492","Mcavernosa31679"
"493","Mcavernosa12190"
"494","Mcavernosa12195"
"495","Mcavernosa31643"
"496","Mcavernosa31705"
"497","Mcavernosa31734"
"498","Mcavernosa31781"
"499","Mcavernosa31784"
"500","Mcavernosa31790"
"501","Mcavernosa31832"
"502","Mcavernosa31839"
"503","Mcavernosa31888"
"504","Mcavernosa31904"
"505","Mcavernosa31925"
"506","Mcavernosa31944"
"507","Mcavernosa31974"
"508","Mcavernosa31981"
"509","Mcavernosa31984"
"510","Mcavernosa32016"
"511","Mcavernosa32077"
"512","Mcavernosa32081"
"513","Mcavernosa32092"
"514","Mcavernosa32093"
"515","Mcavernosa32107"
"516","Mcavernosa32127"
"517","Mcavernosa32148"
"518","Mcavernosa32156"
"519","Mcavernosa32167"
"520","Mcavernosa32174"
"521","Mcavernosa32176"
"522","Mcavernosa32215"
"523","Mcavernosa32238"
"524","Mcavernosa32254"
"525","Mcavernosa32260"
"526","Mcavernosa32301"
"527","Mcavernosa32317"
"528","Mcavernosa32431"
"529","Mcavernosa32498"
"530","Mcavernosa32505"
"531","Mcavernosa18198"
"532","Mcavernosa18216"
"533","Mcavernosa18220"
"534","Mcavernosa18250"
"535","Mcavernosa18255"
"536","Mcavernosa18262"
"537","Mcavernosa18261"
"538","Mcavernosa18326"
"539","Mcavernosa18356"
"540","Mcavernosa18498"
"541","Mcavernosa18502"
"542","Mcavernosa18533"
"543","Mcavernosa18537"
"544","Mcavernosa18543"
"545","Mcavernosa18565"
"546","Mcavernosa18581"
"547","Mcavernosa18621"
"548","Mcavernosa18630"
"549","Mcavernosa18632"
"550","Mcavernosa18729"
"551","Mcavernosa18756"
"552","Mcavernosa18820"
"553","Mcavernosa18827"
"554","Mcavernosa19018"
"555","Mcavernosa19061"
"556","Mcavernosa19067"
"557","Mcavernosa19068"
"558","Mcavernosa19071"
"559","Mcavernosa19076"
"560","Mcavernosa19163"
"561","Mcavernosa19165"
"562","Mcavernosa19199"
"563","Mcavernosa19201"
"564","Mcavernosa19209"
"565","Mcavernosa19222"
"566","Mcavernosa19230"
"567","Mcavernosa19267"
"568","Mcavernosa19304"
"569","Mcavernosa19354"
"570","Mcavernosa19362"
"571","Mcavernosa19555"
"572","Mcavernosa19628"
"573","Mcavernosa19644"
"574","Mcavernosa19694"
"575","Mcavernosa19742"
"576","Mcavernosa19743"
"577","Mcavernosa19764"
"578","Mcavernosa19790"
"579","Mcavernosa19947"
"580","Mcavernosa19968"
"581","Mcavernosa19981"
"582","Mcavernosa19979"
"583","Mcavernosa19982"
"584","Mcavernosa19985"
"585","Mcavernosa20036"
"586","Mcavernosa21871"
"587","Mcavernosa22139"
"588","Mcavernosa22140"
"589","Mcavernosa22152"
"590","Mcavernosa22182"
"591","Mcavernosa22190"
"592","Mcavernosa22264"
"593","Mcavernosa22280"
"594","Mcavernosa22361"
"595","Mcavernosa22362"
"596","Mcavernosa22386"
"597","Mcavernosa22403"
"598","Mcavernosa22404"
"599","Mcavernosa22437"
"600","Mcavernosa22448"
"601","Mcavernosa22459"
"602","Mcavernosa22509"
"603","Mcavernosa22520"
"604","Mcavernosa22607"
"605","Mcavernosa22617"
"606","Mcavernosa22639"
"607","Mcavernosa22697"
"608","Mcavernosa16192"
"609","Mcavernosa16215"
"610","Mcavernosa15400"
"611","Mcavernosa15442"
"612","Mcavernosa15480"
"613","Mcavernosa15512"
"614","Mcavernosa15623"
"615","Mcavernosa15624"
"616","Mcavernosa15670"
"617","Mcavernosa15692"
"618","Mcavernosa15697"
"619","Mcavernosa15728"
"620","Mcavernosa15752"
"621","Mcavernosa15861"
"622","Mcavernosa15874"
"623","Mcavernosa15943"
"624","Mcavernosa15992"
"625","Mcavernosa16014"
"626","Mcavernosa16032"
"627","Mcavernosa16061"
"628","Mcavernosa16121"
"629","Mcavernosa16129"
"630","Mcavernosa16128"
"631","Mcavernosa16225"
"632","Mcavernosa16272"
"633","Mcavernosa16310"
"634","Mcavernosa16315"
"635","Mcavernosa16337"
"636","Mcavernosa10302"
"637","Mcavernosa10320"
"638","Mcavernosa10323"
"639","Mcavernosa10358"
"640","Mcavernosa10417"
"641","Mcavernosa10462"
"642","Mcavernosa10513"
"643","Mcavernosa10553"
"644","Mcavernosa10634"
"645","Mcavernosa10650"
"646","Mcavernosa10709"
"647","Mcavernosa10745"
"648","Mcavernosa10799"
"649","Mcavernosa10798"
"650","Mcavernosa10802"
"651","Mcavernosa10805"
"652","Mcavernosa10808"
"653","Mcavernosa10814"
"654","Mcavernosa10851"
"655","Mcavernosa10849"
"656","Mcavernosa10866"
"657","Mcavernosa10892"
"658","Mcavernosa10941"
"659","Mcavernosa10950"
"660","Mcavernosa10959"
"661","Mcavernosa10960"
"662","Mcavernosa10975"
"663","Mcavernosa10980"
"664","Mcavernosa10991"
"665","Mcavernosa10998"
"666","Mcavernosa11009"
"667","Mcavernosa11019"
"668","Mcavernosa11073"
"669","Mcavernosa11086"
"670","Mcavernosa11134"
"671","Mcavernosa11153"
"672","Mcavernosa11154"
"673","Mcavernosa11155"
"674","Mcavernosa11156"
"675","Mcavernosa11161"
"676","Mcavernosa11186"
"677","Mcavernosa11187"
"678","Mcavernosa11202"
"679","Mcavernosa09311"
"680","Mcavernosa09359"
"681","Mcavernosa09371"
"682","Mcavernosa09397"
"683","Mcavernosa09424"
"684","Mcavernosa09432"
"685","Mcavernosa09457"
"686","Mcavernosa09483"
"687","Mcavernosa09496"
"688","Mcavernosa09518"
"689","Mcavernosa09602"
"690","Mcavernosa09645"
"691","Mcavernosa09669"
"692","Mcavernosa09875"
"693","Mcavernosa09904"
"694","Mcavernosa09907"
"695","Mcavernosa09928"
"696","Mcavernosa09933"
"697","Mcavernosa09978"
"698","Mcavernosa09984"
"699","Mcavernosa09985"
"700","Mcavernosa09991"
"701","Mcavernosa10081"
"702","Mcavernosa10089"
"703","Mcavernosa10120"
"704","Mcavernosa10240"
"705","Mcavernosa20997"
"706","Mcavernosa21013"
"707","Mcavernosa21045"
"708","Mcavernosa21136"
"709","Mcavernosa21140"
"710","Mcavernosa21143"
"711","Mcavernosa21149"
"712","Mcavernosa21207"
"713","Mcavernosa21244"
"714","Mcavernosa21248"
"715","Mcavernosa21250"
"716","Mcavernosa21258"
"717","Mcavernosa21308"
"718","Mcavernosa21328"
"719","Mcavernosa21392"
"720","Mcavernosa21462"
"721","Mcavernosa21465"
"722","Mcavernosa21494"
"723","Mcavernosa21537"
"724","Mcavernosa21640"
"725","Mcavernosa21742"
"726","Mcavernosa21759"
"727","Mcavernosa21800"
"728","Mcavernosa21839"
"729","Mcavernosa21853"
"730","Mcavernosa26406"
"731","Mcavernosa26407"
"732","Mcavernosa26412"
"733","Mcavernosa26538"
"734","Mcavernosa26544"
"735","Mcavernosa26599"
"736","Mcavernosa26600"
"737","Mcavernosa26609"
"738","Mcavernosa26624"
"739","Mcavernosa26646"
"740","Mcavernosa26787"
"741","Mcavernosa26830"
"742","Mcavernosa26843"
"743","Mcavernosa26873"
"744","Mcavernosa26874"
"745","Mcavernosa27109"
"746","Mcavernosa20088"
"747","Mcavernosa20089"
"748","Mcavernosa20097"
"749","Mcavernosa20121"
"750","Mcavernosa20437"
"751","Mcavernosa20479"
"752","Mcavernosa20682"
"753","Mcavernosa20767"
"754","Mcavernosa20779"
"755","Mcavernosa20781"
"756","Mcavernosa20799"
"757","Mcavernosa20808"
"758","Mcavernosa20819"
"759","Mcavernosa20860"
"760","Mcavernosa20880"
"761","Mcavernosa20885"
"762","Mcavernosa20941"
"763","Mcavernosa20961"
"764","Mcavernosa17446"
"765","Mcavernosa17453"
"766","Mcavernosa17516"
"767","Mcavernosa17605"
"768","Mcavernosa17606"
"769","Mcavernosa17608"
"770","Mcavernosa17687"
"771","Mcavernosa17688"
"772","Mcavernosa17749"
"773","Mcavernosa17832"
"774","Mcavernosa17856"
"775","Mcavernosa17859"
"776","Mcavernosa17864"
"777","Mcavernosa17871"
"778","Mcavernosa17893"
"779","Mcavernosa17894"
"780","Mcavernosa17998"
"781","Mcavernosa18003"
"782","Mcavernosa18036"
"783","Mcavernosa22814"
"784","Mcavernosa22816"
"785","Mcavernosa22876"
"786","Mcavernosa22882"
"787","Mcavernosa22900"
"788","Mcavernosa22913"
"789","Mcavernosa22932"
"790","Mcavernosa22952"
"791","Mcavernosa22953"
"792","Mcavernosa22975"
"793","Mcavernosa22976"
"794","Mcavernosa22996"
"795","Mcavernosa23077"
"796","Mcavernosa23090"
"797","Mcavernosa23093"
"798","Mcavernosa23095"
"799","Mcavernosa23099"
"800","Mcavernosa23102"
"801","Mcavernosa23223"
"802","Mcavernosa23232"
"803","Mcavernosa23241"
"804","Mcavernosa23275"
"805","Mcavernosa23276"
"806","Mcavernosa23417"
"807","Mcavernosa23422"
"808","Mcavernosa23588"
"809","Mcavernosa23597"
"810","Mcavernosa23598"
"811","Mcavernosa23604"
"812","Mcavernosa29500"
"813","Mcavernosa29513"
"814","Mcavernosa29516"
"815","Mcavernosa29562"
"816","Mcavernosa29563"
"817","Mcavernosa29571"
"818","Mcavernosa29577"
"819","Mcavernosa29694"
"820","Mcavernosa29707"
"821","Mcavernosa30052"
"822","Mcavernosa30125"
"823","Mcavernosa30129"
"824","Mcavernosa30128"
"825","Mcavernosa25478"
"826","Mcavernosa25585"
"827","Mcavernosa25610"
"828","Mcavernosa25740"
"829","Mcavernosa25785"
"830","Mcavernosa25788"
"831","Mcavernosa25790"
"832","Mcavernosa25803"
"833","Mcavernosa25804"
"834","Mcavernosa25825"
"835","Mcavernosa25914"
"836","Mcavernosa25921"
"837","Mcavernosa25936"
"838","Mcavernosa25965"
"839","Mcavernosa25974"
"840","Mcavernosa26209"
"841","Mcavernosa23639"
"842","Mcavernosa23722"
"843","Mcavernosa23723"
"844","Mcavernosa23777"
"845","Mcavernosa23785"
"846","Mcavernosa23873"
"847","Mcavernosa23884"
"848","Mcavernosa23889"
"849","Mcavernosa23948"
"850","Mcavernosa23982"
"851","Mcavernosa24019"
"852","Mcavernosa24026"
"853","Mcavernosa24113"
"854","Mcavernosa27150"
"855","Mcavernosa27244"
"856","Mcavernosa27285"
"857","Mcavernosa27357"
"858","Mcavernosa27358"
"859","Mcavernosa27359"
"860","Mcavernosa27383"
"861","Mcavernosa27528"
"862","Mcavernosa27556"
"863","Mcavernosa27686"
"864","Mcavernosa27720"
"865","Mcavernosa27741"
"866","Mcavernosa30210"
"867","Mcavernosa30225"
"868","Mcavernosa30498"
"869","Mcavernosa34719"
"870","Mcavernosa30578"
"871","Mcavernosa30593"
"872","Mcavernosa30628"
"873","Mcavernosa30725"
"874","Mcavernosa34462"
"875","Mcavernosa34640"
"876","Mcavernosa34641"
"877","Mcavernosa34644"
"878","Mcavernosa34807"
"879","Mcavernosa34898"
"880","Mcavernosa34940"
"881","Mcavernosa35047"
"882","Mcavernosa28959"
"883","Mcavernosa28960"
"884","Mcavernosa29113"
"885","Mcavernosa29115"
"886","Mcavernosa29122"
"887","Mcavernosa29133"
"888","Mcavernosa29152"
"889","Mcavernosa29191"
"890","Mcavernosa29364"
"891","Mcavernosa34069"
"892","Mcavernosa34197"
"893","Mcavernosa34266"
"894","Mcavernosa33677"
"895","Mcavernosa33482"
"896","Mcavernosa01558"
"897","Mcavernosa01562"
"898","Mcavernosa01598"
"899","Mcavernosa01610"
"900","Mcavernosa01638"
"901","Mcavernosa01663"
"902","Mcavernosa07546"
"903","Mcavernosa07558"
"904","Mcavernosa07573"
"905","Mcavernosa07612"
"906","Mcavernosa12656"
"907","Mcavernosa12659"
"908","Mcavernosa12746"
"909","Mcavernosa13943"
"910","Mcavernosa13941"
"911","Mcavernosa13951"
"912","Mcavernosa13971"
"913","Mcavernosa28370"
"914","Mcavernosa28760"
"915","Mcavernosa28847"
"916","Mcavernosa08804"
"917","Mcavernosa08805"
"918","Mcavernosa08812"
"919","Mcavernosa08815"
"920","Mcavernosa08816"
"921","Mcavernosa08817"
"922","Mcavernosa08818"
"923","Mcavernosa11445"
"924","Mcavernosa11453"
"925","Mcavernosa18382"
"926","Mcavernosa19039"
"927","Mcavernosa22756"
"928","Mcavernosa15568"
"929","Mcavernosa15640"
"930","Mcavernosa15658"
"931","Mcavernosa26500"
"932","Mcavernosa26560"
"933","Mcavernosa20133"
"934","Mcavernosa20147"
"935","Mcavernosa20279"
"936","Mcavernosa20562"
"937","Mcavernosa20700"
"938","Mcavernosa20920"
"939","Mcavernosa17728"
"940","Mcavernosa18053"
"941","Mcavernosa18093"
"942","Mcavernosa22805"
"943","Mcavernosa23063"
"944","Mcavernosa23519"
"945","Mcavernosa29621"
"946","Mcavernosa29765"
"947","Mcavernosa29840"
"948","Mcavernosa29916"
"949","Mcavernosa29918"
"950","Mcavernosa29920"
"951","Mcavernosa25394"
"952","Mcavernosa25451"
"953","Mcavernosa25715"
"954","Mcavernosa25959"
"955","Mcavernosa23652"
"956","Mcavernosa23908"
"957","Mcavernosa23911"
"958","Mcavernosa27176"
"959","Mcavernosa27461"
"960","Mcavernosa30294"
"961","Mcavernosa30295"
"962","Mcavernosa30296"
"963","Mcavernosa30298"
"964","Mcavernosa30572"
"965","Mcavernosa30573"
"966","Mcavernosa30574"
"967","Mcavernosa30630"
"968","Mcavernosa34562"
"969","Mcavernosa34706"
"970","Mcavernosa34760"
"971","Mcavernosa34812"
"972","Mcavernosa35012"
"973","Mcavernosa28871"
"974","Mcavernosa29204"
"975","Mcavernosa33918"
"976","Mcavernosa33994"
"977","Mcavernosa34438"
"978","Mcavernosa34449"
"979","Mcavernosa33357"
"980","Mcavernosa33437"
"981","Mcavernosa33438"
"982","Mcavernosa33439"
"983","Mcavernosa33440"
"984","Mcavernosa33847"
"985","Mcavernosa32589"
"986","Mcavernosa32814"
"987","Mcavernosa32949"
"988","Mcavernosa02710"
"989","Mcavernosa02727"
"990","Mcavernosa03179"
"991","Mcavernosa03191"
"992","Mcavernosa31058"
"993","Mcavernosa31106"
"994","Mcavernosa04840"
"995","Mcavernosa14527"
"996","Mcavernosa14528"
"997","Mcavernosa11816"
"998","Mcavernosa32344"
"999","Mcavernosa18693"
"1000","Mcavernosa19669"
"1001","Mcavernosa15849"
"1002","Mcavernosa15851"
"1003","Mcavernosa10827"
"1004","Mcavernosa10843"
"1005","Mcavernosa11048"
"1006","Mcavernosa11050"
"1007","Mcavernosa21368"
"1008","Mcavernosa21634"
"1009","Mcavernosa17598"
"1010","Mcavernosa17731"
"1011","Mcavernosa17732"
"1012","Mcavernosa17737"
"1013","Mcavernosa17946"
"1014","Mcavernosa23362"
"1015","Mcavernosa29580"
"1016","Mcavernosa29581"
"1017","Mcavernosa30004"
"1018","Mcavernosa25727"
"1019","Mcavernosa25729"
"1020","Mcavernosa23755"
"1021","Mcavernosa24060"
"1022","Mcavernosa24168"
"1023","Mcavernosa24170"
"1024","Mcavernosa24239"
"1025","Mcavernosa24241"
"1026","Mcavernosa27211"
"1027","Mcavernosa27641"
"1028","Mcavernosa30418"
"1029","Mcavernosa34955"
"1030","Mcavernosa29044"
"1031","Mcavernosa29169"
"1032","Mcavernosa29297"
"1033","Mcavernosa29423"
"1034","Mcavernosa33910"
"1035","Mcavernosa34053"
"1036","Mcavernosa33577"
"1037","Mcavernosa33856"
"1038","Mcavernosa32539"
"1039","Mcavernosa32644"
"1040","Mcavernosa32662"
