"gene"	"adj.pval.sym"	"adj.pval.trt2"	"adj.pval.sym_trt2"	"transcript_id"	"sprot_Top_BLASTX_hit"	"RNAMMER"	"prot_id"	"prot_coords"	"sprot_Top_BLASTP_hit"	"Pfam"	"SignalP"	"TmHMM"	"eggnog"	"Kegg"	"gene_ontology_blast"	"gene_ontology_pfam"	"transcript"	"peptide"	"scaffold"	"start"	"stop"
"Mcavernosa01309"	1.49783597175241e-06	1.46246371769297e-18	0.000592653730580793	"Mcavernosa01309"	"."	"."	"Mcavernosa01309"	"1-2280[+]"	"."	"."	"."	"."	"."	"."	"."	"."	"."	"."	"Sc0000017"	34548	36827
"Mcavernosa01988"	0.00353590369594289	0.015018673688431	7.29538006340345e-07	"Mcavernosa01988"	"STAU2_DANRE^STAU2_DANRE^Q:14-334,H:114-410^39.09%ID^E:9e-50^RecName: Full=Double-stranded RNA-binding protein Staufen homolog 2;^Eukaryota; Metazoa; Chordata; Craniata; Vertebrata; Euteleostomi; Actinopterygii; Neopterygii; Teleostei; Ostariophysi; Cypriniformes; Cyprinidae; Danio`STAU2_RAT^STAU2_RAT^Q:14-308,H:114-378^41.69%ID^E:2e-49^RecName: Full=Double-stranded RNA-binding protein Staufen homolog 2;^Eukaryota; Metazoa; Chordata; Craniata; Vertebrata; Euteleostomi; Mammalia; Eutheria; Euarchontoglires; Glires; Rodentia; Myomorpha; Muroidea; Muridae; Murinae; Rattus`STAU1_HUMAN^STAU1_HUMAN^Q:38-366,H:117-426^37.68%ID^E:4e-49^RecName: Full=Double-stranded RNA-binding protein Staufen homolog 1;^Eukaryota; Metazoa; Chordata; Craniata; Vertebrata; Euteleostomi; Mammalia; Eutheria; Euarchontoglires; Primates; Haplorrhini; Catarrhini; Hominidae; Homo"	"."	"Mcavernosa01988"	"1-1645[+]"	"STAU2_DANRE^STAU2_DANRE^Q:14-334,H:114-410^39.09%ID^E:9e-50^RecName: Full=Double-stranded RNA-binding protein Staufen homolog 2;^Eukaryota; Metazoa; Chordata; Craniata; Vertebrata; Euteleostomi; Actinopterygii; Neopterygii; Teleostei; Ostariophysi; Cypriniformes; Cyprinidae; Danio`STAU2_RAT^STAU2_RAT^Q:14-308,H:114-378^41.69%ID^E:2e-49^RecName: Full=Double-stranded RNA-binding protein Staufen homolog 2;^Eukaryota; Metazoa; Chordata; Craniata; Vertebrata; Euteleostomi; Mammalia; Eutheria; Euarchontoglires; Glires; Rodentia; Myomorpha; Muroidea; Muridae; Murinae; Rattus`STAU1_HUMAN^STAU1_HUMAN^Q:38-366,H:117-426^37.68%ID^E:4e-49^RecName: Full=Double-stranded RNA-binding protein Staufen homolog 1;^Eukaryota; Metazoa; Chordata; Craniata; Vertebrata; Euteleostomi; Mammalia; Eutheria; Euarchontoglires; Primates; Haplorrhini; Catarrhini; Hominidae; Homo"	"PF00035.25^dsrm^Double-stranded RNA binding motif^134-197^E:2.6e-11`PF00035.25^dsrm^Double-stranded RNA binding motif^238-302^E:3e-12"	"."	"."	"ENOG410XSCK^RNA binding protein"	"."	"GO:0005874^cellular_component^microtubule`GO:0003723^molecular_function^RNA binding`GO:0007281^biological_process^germ cell development`GO:0008354^biological_process^germ cell migration"	"."	"."	"."	"Sc0000022"	286395	288979
"Mcavernosa02180"	0.00942703823203998	4.69984703742248e-52	4.71534233501738e-10	"Mcavernosa02180"	"UCHL3_PIG^UCHL3_PIG^Q:82-295,H:19-229^45.02%ID^E:4e-60^RecName: Full=Ubiquitin carboxyl-terminal hydrolase isozyme L3;^Eukaryota; Metazoa; Chordata; Craniata; Vertebrata; Euteleostomi; Mammalia; Eutheria; Laurasiatheria; Cetartiodactyla; Suina; Suidae; Sus`UCHL3_HUMAN^UCHL3_HUMAN^Q:82-295,H:19-229^45.02%ID^E:2e-59^RecName: Full=Ubiquitin carboxyl-terminal hydrolase isozyme L3;^Eukaryota; Metazoa; Chordata; Craniata; Vertebrata; Euteleostomi; Mammalia; Eutheria; Euarchontoglires; Primates; Haplorrhini; Catarrhini; Hominidae; Homo`UCHL3_BOVIN^UCHL3_BOVIN^Q:82-295,H:19-229^44.59%ID^E:3e-59^RecName: Full=Ubiquitin carboxyl-terminal hydrolase isozyme L3;^Eukaryota; Metazoa; Chordata; Craniata; Vertebrata; Euteleostomi; Mammalia; Eutheria; Laurasiatheria; Cetartiodactyla; Ruminantia; Pecora; Bovidae; Bovinae; Bos"	"."	"Mcavernosa02180"	"1-894[+]"	"UCHL3_PIG^UCHL3_PIG^Q:82-295,H:19-229^45.02%ID^E:4e-60^RecName: Full=Ubiquitin carboxyl-terminal hydrolase isozyme L3;^Eukaryota; Metazoa; Chordata; Craniata; Vertebrata; Euteleostomi; Mammalia; Eutheria; Laurasiatheria; Cetartiodactyla; Suina; Suidae; Sus`UCHL3_HUMAN^UCHL3_HUMAN^Q:82-295,H:19-229^45.02%ID^E:2e-59^RecName: Full=Ubiquitin carboxyl-terminal hydrolase isozyme L3;^Eukaryota; Metazoa; Chordata; Craniata; Vertebrata; Euteleostomi; Mammalia; Eutheria; Euarchontoglires; Primates; Haplorrhini; Catarrhini; Hominidae; Homo`UCHL3_BOVIN^UCHL3_BOVIN^Q:82-295,H:19-229^44.59%ID^E:3e-59^RecName: Full=Ubiquitin carboxyl-terminal hydrolase isozyme L3;^Eukaryota; Metazoa; Chordata; Craniata; Vertebrata; Euteleostomi; Mammalia; Eutheria; Laurasiatheria; Cetartiodactyla; Ruminantia; Pecora; Bovidae; Bovinae; Bos"	"PF01088.20^Peptidase_C12^Ubiquitin carboxyl-terminal hydrolase, family 1^79-279^E:3.7e-41"	"."	"ExpAA=21.18^PredHel=1^Topology=i21-40o"	"ENOG4111HNA^ubiquitin carboxyl-terminal"	"KEGG:ssc:768115`KO:K05609"	"GO:0005737^cellular_component^cytoplasm`GO:0004843^molecular_function^thiol-dependent ubiquitin-specific protease activity`GO:0016579^biological_process^protein deubiquitination`GO:0006511^biological_process^ubiquitin-dependent protein catabolic process"	"GO:0004843^molecular_function^thiol-dependent ubiquitin-specific protease activity`GO:0006511^biological_process^ubiquitin-dependent protein catabolic process`GO:0005622^cellular_component^intracellular"	"."	"."	"Sc0000072"	127846	144299
"Mcavernosa03478"	0.00448082894100937	0.0012037778751088	0.0485037605712522	"Mcavernosa03478"	"F120A_XENTR^F120A_XENTR^Q:1-753,H:1-819^33.85%ID^E:2e-145^RecName: Full=Constitutive coactivator of PPAR-gamma-like protein 1 homolog;^Eukaryota; Metazoa; Chordata; Craniata; Vertebrata; Euteleostomi; Amphibia; Batrachia; Anura; Pipoidea; Pipidae; Xenopodinae; Xenopus; Silurana`F120C_HUMAN^F120C_HUMAN^Q:40-755,H:118-900^33.5%ID^E:2e-132^RecName: Full=Constitutive coactivator of PPAR-gamma-like protein 2;^Eukaryota; Metazoa; Chordata; Craniata; Vertebrata; Euteleostomi; Mammalia; Eutheria; Euarchontoglires; Primates; Haplorrhini; Catarrhini; Hominidae; Homo`F120C_MOUSE^F120C_MOUSE^Q:40-755,H:114-895^32.62%ID^E:4e-130^RecName: Full=Constitutive coactivator of PPAR-gamma-like protein 2;^Eukaryota; Metazoa; Chordata; Craniata; Vertebrata; Euteleostomi; Mammalia; Eutheria; Euarchontoglires; Glires; Rodentia; Myomorpha; Muroidea; Muridae; Murinae; Mus; Mus"	"."	"Mcavernosa03478"	"1-4335[+]"	"F120A_XENTR^F120A_XENTR^Q:1-753,H:1-819^33.85%ID^E:2e-145^RecName: Full=Constitutive coactivator of PPAR-gamma-like protein 1 homolog;^Eukaryota; Metazoa; Chordata; Craniata; Vertebrata; Euteleostomi; Amphibia; Batrachia; Anura; Pipoidea; Pipidae; Xenopodinae; Xenopus; Silurana`F120C_HUMAN^F120C_HUMAN^Q:40-755,H:118-900^33.5%ID^E:2e-132^RecName: Full=Constitutive coactivator of PPAR-gamma-like protein 2;^Eukaryota; Metazoa; Chordata; Craniata; Vertebrata; Euteleostomi; Mammalia; Eutheria; Euarchontoglires; Primates; Haplorrhini; Catarrhini; Hominidae; Homo`F120C_MOUSE^F120C_MOUSE^Q:40-755,H:114-895^32.62%ID^E:4e-130^RecName: Full=Constitutive coactivator of PPAR-gamma-like protein 2;^Eukaryota; Metazoa; Chordata; Craniata; Vertebrata; Euteleostomi; Mammalia; Eutheria; Euarchontoglires; Glires; Rodentia; Myomorpha; Muroidea; Muridae; Murinae; Mus; Mus"	"."	"."	"."	"."	"KEGG:xtr:448612"	"GO:0005737^cellular_component^cytoplasm`GO:0005634^cellular_component^nucleus`GO:0005886^cellular_component^plasma membrane`GO:0003723^molecular_function^RNA binding"	"."	"."	"."	"Sc0000026"	438980	446201
"Mcavernosa03693"	4.03876136275997e-19	0.00036942637008508	0.00877122951603311	"Mcavernosa03693"	"SECG_DICDI^SECG_DICDI^Q:9-375,H:63-431^36.12%ID^E:1e-60^RecName: Full=Ankyrin repeat, PH and SEC7 domain containing protein secG;^Eukaryota; Amoebozoa; Mycetozoa; Dictyostelids; Dictyosteliales; Dictyosteliaceae; Dictyostelium`ANR50_HUMAN^ANR50_HUMAN^Q:1-369,H:663-1036^32.09%ID^E:4e-58^RecName: Full=Ankyrin repeat domain-containing protein 50;^Eukaryota; Metazoa; Chordata; Craniata; Vertebrata; Euteleostomi; Mammalia; Eutheria; Euarchontoglires; Primates; Haplorrhini; Catarrhini; Hominidae; Homo`SECG_DICDI^SECG_DICDI^Q:5-375,H:126-497^33.87%ID^E:1e-57^RecName: Full=Ankyrin repeat, PH and SEC7 domain containing protein secG;^Eukaryota; Amoebozoa; Mycetozoa; Dictyostelids; Dictyosteliales; Dictyosteliaceae; Dictyostelium`ANR50_HUMAN^ANR50_HUMAN^Q:1-369,H:500-871^33.96%ID^E:8e-57^RecName: Full=Ankyrin repeat domain-containing protein 50;^Eukaryota; Metazoa; Chordata; Craniata; Vertebrata; Euteleostomi; Mammalia; Eutheria; Euarchontoglires; Primates; Haplorrhini; Catarrhini; Hominidae; Homo`Y381_RICFE^Y381_RICFE^Q:1-375,H:756-1126^31.73%ID^E:2e-55^RecName: Full=Putative ankyrin repeat protein RF_0381;^Bacteria; Proteobacteria; Alphaproteobacteria; Rickettsiales; Rickettsiaceae; Rickettsieae; Rickettsia; spotted fever group`ANR50_HUMAN^ANR50_HUMAN^Q:1-369,H:734-1102^31.17%ID^E:4e-54^RecName: Full=Ankyrin repeat domain-containing protein 50;^Eukaryota; Metazoa; Chordata; Craniata; Vertebrata; Euteleostomi; Mammalia; Eutheria; Euarchontoglires; Primates; Haplorrhini; Catarrhini; Hominidae; Homo`ANR50_HUMAN^ANR50_HUMAN^Q:1-377,H:696-1077^32.72%ID^E:3e-53^RecName: Full=Ankyrin repeat domain-containing protein 50;^Eukaryota; Metazoa; Chordata; Craniata; Vertebrata; Euteleostomi; Mammalia; Eutheria; Euarchontoglires; Primates; Haplorrhini; Catarrhini; Hominidae; Homo`Y381_RICFE^Y381_RICFE^Q:1-374,H:789-1158^30.77%ID^E:2e-48^RecName: Full=Putative ankyrin repeat protein RF_0381;^Bacteria; Proteobacteria; Alphaproteobacteria; Rickettsiales; Rickettsiaceae; Rickettsieae; Rickettsia; spotted fever group`Y381_RICFE^Y381_RICFE^Q:1-374,H:624-993^30.75%ID^E:3e-48^RecName: Full=Putative ankyrin repeat protein RF_0381;^Bacteria; Proteobacteria; Alphaproteobacteria; Rickettsiales; Rickettsiaceae; Rickettsieae; Rickettsia; spotted fever group`SECG_DICDI^SECG_DICDI^Q:49-376,H:36-366^33.33%ID^E:2e-46^RecName: Full=Ankyrin repeat, PH and SEC7 domain containing protein secG;^Eukaryota; Amoebozoa; Mycetozoa; Dictyostelids; Dictyosteliales; Dictyosteliaceae; Dictyostelium`Y381_RICFE^Y381_RICFE^Q:7-374,H:599-960^29.62%ID^E:7e-45^RecName: Full=Putative ankyrin repeat protein RF_0381;^Bacteria; Proteobacteria; Alphaproteobacteria; Rickettsiales; Rickettsiaceae; Rickettsieae; Rickettsia; spotted fever group`ANR50_HUMAN^ANR50_HUMAN^Q:63-375,H:496-844^30.48%ID^E:5e-44^RecName: Full=Ankyrin repeat domain-containing protein 50;^Eukaryota; Metazoa; Chordata; Craniata; Vertebrata; Euteleostomi; Mammalia; Eutheria; Euarchontoglires; Primates; Haplorrhini; Catarrhini; Hominidae; Homo`SECG_DICDI^SECG_DICDI^Q:8-339,H:195-527^30.63%ID^E:6e-42^RecName: Full=Ankyrin repeat, PH and SEC7 domain containing protein secG;^Eukaryota; Amoebozoa; Mycetozoa; Dictyostelids; Dictyosteliales; Dictyosteliaceae; Dictyostelium`ANR50_HUMAN^ANR50_HUMAN^Q:129-376,H:496-746^31.23%ID^E:4e-33^RecName: Full=Ankyrin repeat domain-containing protein 50;^Eukaryota; Metazoa; Chordata; Craniata; Vertebrata; Euteleostomi; Mammalia; Eutheria; Euarchontoglires; Primates; Haplorrhini; Catarrhini; Hominidae; Homo`SECG_DICDI^SECG_DICDI^Q:1-141,H:387-527^27.66%ID^E:2e-09^RecName: Full=Ankyrin repeat, PH and SEC7 domain containing protein secG;^Eukaryota; Amoebozoa; Mycetozoa; Dictyostelids; Dictyosteliales; Dictyosteliaceae; Dictyostelium"	"."	"Mcavernosa03693"	"1-1134[+]"	"SECG_DICDI^SECG_DICDI^Q:9-375,H:63-431^36.12%ID^E:1e-60^RecName: Full=Ankyrin repeat, PH and SEC7 domain containing protein secG;^Eukaryota; Amoebozoa; Mycetozoa; Dictyostelids; Dictyosteliales; Dictyosteliaceae; Dictyostelium`ANR50_HUMAN^ANR50_HUMAN^Q:1-369,H:663-1036^32.09%ID^E:4e-58^RecName: Full=Ankyrin repeat domain-containing protein 50;^Eukaryota; Metazoa; Chordata; Craniata; Vertebrata; Euteleostomi; Mammalia; Eutheria; Euarchontoglires; Primates; Haplorrhini; Catarrhini; Hominidae; Homo`SECG_DICDI^SECG_DICDI^Q:5-375,H:126-497^33.87%ID^E:1e-57^RecName: Full=Ankyrin repeat, PH and SEC7 domain containing protein secG;^Eukaryota; Amoebozoa; Mycetozoa; Dictyostelids; Dictyosteliales; Dictyosteliaceae; Dictyostelium`ANR50_HUMAN^ANR50_HUMAN^Q:1-369,H:500-871^33.96%ID^E:8e-57^RecName: Full=Ankyrin repeat domain-containing protein 50;^Eukaryota; Metazoa; Chordata; Craniata; Vertebrata; Euteleostomi; Mammalia; Eutheria; Euarchontoglires; Primates; Haplorrhini; Catarrhini; Hominidae; Homo`Y381_RICFE^Y381_RICFE^Q:1-375,H:756-1126^31.73%ID^E:2e-55^RecName: Full=Putative ankyrin repeat protein RF_0381;^Bacteria; Proteobacteria; Alphaproteobacteria; Rickettsiales; Rickettsiaceae; Rickettsieae; Rickettsia; spotted fever group`ANR50_HUMAN^ANR50_HUMAN^Q:1-369,H:734-1102^31.17%ID^E:4e-54^RecName: Full=Ankyrin repeat domain-containing protein 50;^Eukaryota; Metazoa; Chordata; Craniata; Vertebrata; Euteleostomi; Mammalia; Eutheria; Euarchontoglires; Primates; Haplorrhini; Catarrhini; Hominidae; Homo`ANR50_HUMAN^ANR50_HUMAN^Q:1-377,H:696-1077^32.72%ID^E:3e-53^RecName: Full=Ankyrin repeat domain-containing protein 50;^Eukaryota; Metazoa; Chordata; Craniata; Vertebrata; Euteleostomi; Mammalia; Eutheria; Euarchontoglires; Primates; Haplorrhini; Catarrhini; Hominidae; Homo`Y381_RICFE^Y381_RICFE^Q:1-374,H:789-1158^30.77%ID^E:2e-48^RecName: Full=Putative ankyrin repeat protein RF_0381;^Bacteria; Proteobacteria; Alphaproteobacteria; Rickettsiales; Rickettsiaceae; Rickettsieae; Rickettsia; spotted fever group`Y381_RICFE^Y381_RICFE^Q:1-374,H:624-993^30.75%ID^E:3e-48^RecName: Full=Putative ankyrin repeat protein RF_0381;^Bacteria; Proteobacteria; Alphaproteobacteria; Rickettsiales; Rickettsiaceae; Rickettsieae; Rickettsia; spotted fever group`SECG_DICDI^SECG_DICDI^Q:49-376,H:36-366^33.33%ID^E:2e-46^RecName: Full=Ankyrin repeat, PH and SEC7 domain containing protein secG;^Eukaryota; Amoebozoa; Mycetozoa; Dictyostelids; Dictyosteliales; Dictyosteliaceae; Dictyostelium`Y381_RICFE^Y381_RICFE^Q:7-374,H:599-960^29.62%ID^E:7e-45^RecName: Full=Putative ankyrin repeat protein RF_0381;^Bacteria; Proteobacteria; Alphaproteobacteria; Rickettsiales; Rickettsiaceae; Rickettsieae; Rickettsia; spotted fever group`ANR50_HUMAN^ANR50_HUMAN^Q:63-375,H:496-844^30.48%ID^E:5e-44^RecName: Full=Ankyrin repeat domain-containing protein 50;^Eukaryota; Metazoa; Chordata; Craniata; Vertebrata; Euteleostomi; Mammalia; Eutheria; Euarchontoglires; Primates; Haplorrhini; Catarrhini; Hominidae; Homo`SECG_DICDI^SECG_DICDI^Q:8-339,H:195-527^30.63%ID^E:6e-42^RecName: Full=Ankyrin repeat, PH and SEC7 domain containing protein secG;^Eukaryota; Amoebozoa; Mycetozoa; Dictyostelids; Dictyosteliales; Dictyosteliaceae; Dictyostelium`ANR50_HUMAN^ANR50_HUMAN^Q:129-376,H:496-746^31.23%ID^E:4e-33^RecName: Full=Ankyrin repeat domain-containing protein 50;^Eukaryota; Metazoa; Chordata; Craniata; Vertebrata; Euteleostomi; Mammalia; Eutheria; Euarchontoglires; Primates; Haplorrhini; Catarrhini; Hominidae; Homo`SECG_DICDI^SECG_DICDI^Q:1-141,H:387-527^27.66%ID^E:2e-09^RecName: Full=Ankyrin repeat, PH and SEC7 domain containing protein secG;^Eukaryota; Amoebozoa; Mycetozoa; Dictyostelids; Dictyosteliales; Dictyosteliaceae; Dictyostelium"	"PF13857.5^Ank_5^Ankyrin repeats (many copies)^1-48^E:8e-08`PF13637.5^Ank_4^Ankyrin repeats (many copies)^2-35^E:5.8e-05`PF13606.5^Ank_3^Ankyrin repeat^14-42^E:1.1e-05`PF00023.29^Ank^Ankyrin repeat^14-43^E:5.7e-06`PF13857.5^Ank_5^Ankyrin repeats (many copies)^34-88^E:2.2e-07`PF12796.6^Ank_2^Ankyrin repeats (3 copies)^47-110^E:2.3e-10`PF13637.5^Ank_4^Ankyrin repeats (many copies)^49-101^E:8.2e-07`PF13606.5^Ank_3^Ankyrin repeat^80-108^E:0.00071`PF00023.29^Ank^Ankyrin repeat^80-109^E:0.00021`PF13857.5^Ank_5^Ankyrin repeats (many copies)^100-154^E:6.4e-07`PF12796.6^Ank_2^Ankyrin repeats (3 copies)^113-176^E:3.1e-11`PF13637.5^Ank_4^Ankyrin repeats (many copies)^115-167^E:2.7e-08`PF13857.5^Ank_5^Ankyrin repeats (many copies)^133-187^E:2.6e-07`PF13606.5^Ank_3^Ankyrin repeat^146-174^E:3.8e-05`PF00023.29^Ank^Ankyrin repeat^146-175^E:6.1e-06`PF13857.5^Ank_5^Ankyrin repeats (many copies)^166-220^E:1.4e-06`PF12796.6^Ank_2^Ankyrin repeats (3 copies)^179-243^E:4.2e-12`PF13637.5^Ank_4^Ankyrin repeats (many copies)^181-233^E:1.3e-08`PF13857.5^Ank_5^Ankyrin repeats (many copies)^199-249^E:2.4e-06`PF13606.5^Ank_3^Ankyrin repeat^212-240^E:1.5e-05`PF00023.29^Ank^Ankyrin repeat^212-243^E:6.1e-06`PF13637.5^Ank_4^Ankyrin repeats (many copies)^220-264^E:5.7e-06`PF13857.5^Ank_5^Ankyrin repeats (many copies)^232-286^E:3.5e-08`PF12796.6^Ank_2^Ankyrin repeats (3 copies)^245-309^E:2.4e-11`PF13637.5^Ank_4^Ankyrin repeats (many copies)^257-299^E:7.8e-06`PF13606.5^Ank_3^Ankyrin repeat^278-306^E:2.8e-05`PF00023.29^Ank^Ankyrin repeat^278-309^E:9.1e-06`PF13637.5^Ank_4^Ankyrin repeats (many copies)^286-330^E:1.5e-06`PF13857.5^Ank_5^Ankyrin repeats (many copies)^298-352^E:1.5e-08`PF12796.6^Ank_2^Ankyrin repeats (3 copies)^311-375^E:1.1e-11`PF13637.5^Ank_4^Ankyrin repeats (many copies)^313-365^E:1.2e-08`PF13606.5^Ank_3^Ankyrin repeat^344-372^E:0.00018`PF00023.29^Ank^Ankyrin repeat^344-375^E:3.9e-06"	"."	"."	"COG0666^Ankyrin Repeat`COG5307^and Sec7 domain"	"KEGG:ddi:DDB_G0287459`KO:K18441"	"GO:0005829^cellular_component^cytosol`GO:0005764^cellular_component^lysosome`GO:0005086^molecular_function^ARF guanyl-nucleotide exchange factor activity`GO:0030507^molecular_function^spectrin binding`GO:0030036^biological_process^actin cytoskeleton organization`GO:0031589^biological_process^cell-substrate adhesion`GO:0006935^biological_process^chemotaxis`GO:0043327^biological_process^chemotaxis to cAMP`GO:0031154^biological_process^culmination involved in sorocarp development`GO:0032012^biological_process^regulation of ARF protein signal transduction"	"GO:0005515^molecular_function^protein binding"	"."	"."	"Sc0000028"	928401	929534
"Mcavernosa04963"	2.48910871258952e-267	1.18921867845322e-192	1.7888881637757e-54	"Mcavernosa04963"	"."	"."	"Mcavernosa04963"	"1-1974[+]"	"."	"."	"."	"."	"."	"."	"."	"."	"."	"."	"Sc0000113"	50602	56796
"Mcavernosa05323"	1.8247616460948e-56	0.0491429005265401	0.000134506703731867	"Mcavernosa05323"	"."	"."	"Mcavernosa05323"	"1-681[+]"	"."	"."	"."	"ExpAA=20.10^PredHel=1^Topology=i25-47o"	"."	"."	"."	"."	"."	"."	"Sc0000119"	475285	522091
"Mcavernosa07345"	8.5107744225022e-104	0.00128323183642628	3.44617056345263e-24	"Mcavernosa07345"	"."	"."	"Mcavernosa07345"	"1-2759[+]"	"."	"PF00096.25^zf-C2H2^Zinc finger, C2H2 type^185-207^E:0.0099"	"."	"."	"."	"."	"."	"."	"."	"."	"Sc0000036"	653863	660467
"Mcavernosa08817"	1.02140744661119e-10	0.0112831102119884	0.0124428599458281	"Mcavernosa08817"	"."	"."	"Mcavernosa08817"	"1-648[+]"	"."	"."	"."	"."	"."	"."	"."	"."	"."	"."	"xfSc0000010"	216900	217547
"Mcavernosa10513"	5.5935325771977e-41	2.48995245189434e-07	3.98526834775745e-18	"Mcavernosa10513"	"HOIL1_DICLA^HOIL1_DICLA^Q:27-318,H:374-661^51.19%ID^E:1e-105^RecName: Full=RanBP-type and C3HC4-type zinc finger-containing protein 1;^Eukaryota; Metazoa; Chordata; Craniata; Vertebrata; Euteleostomi; Actinopterygii; Neopterygii; Teleostei; Neoteleostei; Acanthomorphata; Eupercaria; Moronidae; Dicentrarchus`HOIL1_DANRE^HOIL1_DANRE^Q:43-318,H:400-668^54.35%ID^E:7e-104^RecName: Full=RanBP-type and C3HC4-type zinc finger-containing protein 1;^Eukaryota; Metazoa; Chordata; Craniata; Vertebrata; Euteleostomi; Actinopterygii; Neopterygii; Teleostei; Ostariophysi; Cypriniformes; Cyprinidae; Danio`HOIL1_MOUSE^HOIL1_MOUSE^Q:42-318,H:193-462^52.35%ID^E:2e-97^RecName: Full=RanBP-type and C3HC4-type zinc finger-containing protein 1;^Eukaryota; Metazoa; Chordata; Craniata; Vertebrata; Euteleostomi; Mammalia; Eutheria; Euarchontoglires; Glires; Rodentia; Myomorpha; Muroidea; Muridae; Murinae; Mus; Mus"	"."	"Mcavernosa10513"	"1-3442[+]"	"HOIL1_DICLA^HOIL1_DICLA^Q:27-318,H:374-661^51.19%ID^E:1e-105^RecName: Full=RanBP-type and C3HC4-type zinc finger-containing protein 1;^Eukaryota; Metazoa; Chordata; Craniata; Vertebrata; Euteleostomi; Actinopterygii; Neopterygii; Teleostei; Neoteleostei; Acanthomorphata; Eupercaria; Moronidae; Dicentrarchus`HOIL1_DANRE^HOIL1_DANRE^Q:43-318,H:400-668^54.35%ID^E:7e-104^RecName: Full=RanBP-type and C3HC4-type zinc finger-containing protein 1;^Eukaryota; Metazoa; Chordata; Craniata; Vertebrata; Euteleostomi; Actinopterygii; Neopterygii; Teleostei; Ostariophysi; Cypriniformes; Cyprinidae; Danio`HOIL1_MOUSE^HOIL1_MOUSE^Q:42-318,H:193-462^52.35%ID^E:2e-97^RecName: Full=RanBP-type and C3HC4-type zinc finger-containing protein 1;^Eukaryota; Metazoa; Chordata; Craniata; Vertebrata; Euteleostomi; Mammalia; Eutheria; Euarchontoglires; Glires; Rodentia; Myomorpha; Muroidea; Muridae; Murinae; Mus; Mus"	"PF00641.17^zf-RanBP^Zn-finger in Ran binding protein and others^43-68^E:4.8e-08`PF00097.24^zf-C3HC4^Zinc finger, C3HC4 type (RING finger)^136-178^E:1.3e-05`PF13445.5^zf-RING_UBOX^RING-type zinc-finger^136-178^E:5.6e-05"	"."	"."	"."	"."	"GO:0071797^cellular_component^LUBAC complex`GO:0046872^molecular_function^metal ion binding`GO:0016740^molecular_function^transferase activity`GO:0043130^molecular_function^ubiquitin binding`GO:0043123^biological_process^positive regulation of I-kappaB kinase/NF-kappaB signaling`GO:0097039^biological_process^protein linear polyubiquitination"	"GO:0046872^molecular_function^metal ion binding"	"."	"."	"Sc0000426"	230598	250225
"Mcavernosa10960"	1.47602649011766e-05	6.5716383120379e-06	0.00587353782405359	"Mcavernosa10960"	"AP2S1_RAT^AP2S1_RAT^Q:61-111,H:1-51^96.08%ID^E:8e-27^RecName: Full=AP-2 complex subunit sigma;^Eukaryota; Metazoa; Chordata; Craniata; Vertebrata; Euteleostomi; Mammalia; Eutheria; Euarchontoglires; Glires; Rodentia; Myomorpha; Muroidea; Muridae; Murinae; Rattus`AP2S1_PONAB^AP2S1_PONAB^Q:61-111,H:1-51^96.08%ID^E:8e-27^RecName: Full=AP-2 complex subunit sigma;^Eukaryota; Metazoa; Chordata; Craniata; Vertebrata; Euteleostomi; Mammalia; Eutheria; Euarchontoglires; Primates; Haplorrhini; Catarrhini; Hominidae; Pongo`AP2S1_MOUSE^AP2S1_MOUSE^Q:61-111,H:1-51^96.08%ID^E:8e-27^RecName: Full=AP-2 complex subunit sigma;^Eukaryota; Metazoa; Chordata; Craniata; Vertebrata; Euteleostomi; Mammalia; Eutheria; Euarchontoglires; Glires; Rodentia; Myomorpha; Muroidea; Muridae; Murinae; Mus; Mus"	"."	"Mcavernosa10960"	"1-891[+]"	"AP2S1_RAT^AP2S1_RAT^Q:61-111,H:1-51^96.08%ID^E:8e-27^RecName: Full=AP-2 complex subunit sigma;^Eukaryota; Metazoa; Chordata; Craniata; Vertebrata; Euteleostomi; Mammalia; Eutheria; Euarchontoglires; Glires; Rodentia; Myomorpha; Muroidea; Muridae; Murinae; Rattus`AP2S1_PONAB^AP2S1_PONAB^Q:61-111,H:1-51^96.08%ID^E:8e-27^RecName: Full=AP-2 complex subunit sigma;^Eukaryota; Metazoa; Chordata; Craniata; Vertebrata; Euteleostomi; Mammalia; Eutheria; Euarchontoglires; Primates; Haplorrhini; Catarrhini; Hominidae; Pongo`AP2S1_MOUSE^AP2S1_MOUSE^Q:61-111,H:1-51^96.08%ID^E:8e-27^RecName: Full=AP-2 complex subunit sigma;^Eukaryota; Metazoa; Chordata; Craniata; Vertebrata; Euteleostomi; Mammalia; Eutheria; Euarchontoglires; Glires; Rodentia; Myomorpha; Muroidea; Muridae; Murinae; Mus; Mus"	"PF01217.19^Clat_adaptor_s^Clathrin adaptor complex small chain^61-112^E:9.7e-16"	"."	"."	"COG5030^Adaptor-related protein complex"	"KEGG:rno:65046`KO:K11827"	"GO:0030122^cellular_component^AP-2 adaptor complex`GO:0005886^cellular_component^plasma membrane`GO:0008565^molecular_function^protein transporter activity`GO:0006897^biological_process^endocytosis`GO:0006886^biological_process^intracellular protein transport"	"."	"."	"."	"Sc0000446"	12829	30520
"Mcavernosa11073"	0.000191519361900417	0.0199364417090419	0.00714673046840034	"Mcavernosa11073"	"."	"."	"Mcavernosa11073"	"1-264[+]"	"."	"."	"."	"."	"."	"."	"."	"."	"."	"."	"Sc0000450"	5204	5467
"Mcavernosa11154"	0.0463757142247201	2.17716988524728e-38	4.94009939032744e-14	"Mcavernosa11154"	"."	"."	"Mcavernosa11154"	"1-735[+]"	"."	"."	"."	"."	"."	"."	"."	"."	"."	"."	"Sc0000453"	225222	226016
"Mcavernosa13145"	1.25894097022308e-15	0.0334185413670275	2.41055088811088e-19	"Mcavernosa13145"	"TRPA1_MOUSE^TRPA1_MOUSE^Q:136-1074,H:41-1068^25.46%ID^E:2e-86^RecName: Full=Transient receptor potential cation channel subfamily A member 1;^Eukaryota; Metazoa; Chordata; Craniata; Vertebrata; Euteleostomi; Mammalia; Eutheria; Euarchontoglires; Glires; Rodentia; Myomorpha; Muroidea; Muridae; Murinae; Mus; Mus`TRPA1_RAT^TRPA1_RAT^Q:136-1074,H:41-1068^25.27%ID^E:1e-84^RecName: Full=Transient receptor potential cation channel subfamily A member 1;^Eukaryota; Metazoa; Chordata; Craniata; Vertebrata; Euteleostomi; Mammalia; Eutheria; Euarchontoglires; Glires; Rodentia; Myomorpha; Muroidea; Muridae; Murinae; Rattus`TRPA1_HUMAN^TRPA1_HUMAN^Q:200-1074,H:109-1066^25.77%ID^E:1e-82^RecName: Full=Transient receptor potential cation channel subfamily A member 1;^Eukaryota; Metazoa; Chordata; Craniata; Vertebrata; Euteleostomi; Mammalia; Eutheria; Euarchontoglires; Primates; Haplorrhini; Catarrhini; Hominidae; Homo`TRPA1_HUMAN^TRPA1_HUMAN^Q:318-617,H:49-381^23.12%ID^E:2e-13^RecName: Full=Transient receptor potential cation channel subfamily A member 1;^Eukaryota; Metazoa; Chordata; Craniata; Vertebrata; Euteleostomi; Mammalia; Eutheria; Euarchontoglires; Primates; Haplorrhini; Catarrhini; Hominidae; Homo`TRPA1_HUMAN^TRPA1_HUMAN^Q:197-424,H:317-574^25.19%ID^E:1e-08^RecName: Full=Transient receptor potential cation channel subfamily A member 1;^Eukaryota; Metazoa; Chordata; Craniata; Vertebrata; Euteleostomi; Mammalia; Eutheria; Euarchontoglires; Primates; Haplorrhini; Catarrhini; Hominidae; Homo"	"."	"Mcavernosa13145"	"1-4860[+]"	"TRPA1_MOUSE^TRPA1_MOUSE^Q:136-1074,H:41-1068^25.46%ID^E:2e-86^RecName: Full=Transient receptor potential cation channel subfamily A member 1;^Eukaryota; Metazoa; Chordata; Craniata; Vertebrata; Euteleostomi; Mammalia; Eutheria; Euarchontoglires; Glires; Rodentia; Myomorpha; Muroidea; Muridae; Murinae; Mus; Mus`TRPA1_RAT^TRPA1_RAT^Q:136-1074,H:41-1068^25.27%ID^E:1e-84^RecName: Full=Transient receptor potential cation channel subfamily A member 1;^Eukaryota; Metazoa; Chordata; Craniata; Vertebrata; Euteleostomi; Mammalia; Eutheria; Euarchontoglires; Glires; Rodentia; Myomorpha; Muroidea; Muridae; Murinae; Rattus`TRPA1_HUMAN^TRPA1_HUMAN^Q:200-1074,H:109-1066^25.77%ID^E:1e-82^RecName: Full=Transient receptor potential cation channel subfamily A member 1;^Eukaryota; Metazoa; Chordata; Craniata; Vertebrata; Euteleostomi; Mammalia; Eutheria; Euarchontoglires; Primates; Haplorrhini; Catarrhini; Hominidae; Homo`TRPA1_HUMAN^TRPA1_HUMAN^Q:318-617,H:49-381^23.12%ID^E:2e-13^RecName: Full=Transient receptor potential cation channel subfamily A member 1;^Eukaryota; Metazoa; Chordata; Craniata; Vertebrata; Euteleostomi; Mammalia; Eutheria; Euarchontoglires; Primates; Haplorrhini; Catarrhini; Hominidae; Homo`TRPA1_HUMAN^TRPA1_HUMAN^Q:197-424,H:317-574^25.19%ID^E:1e-08^RecName: Full=Transient receptor potential cation channel subfamily A member 1;^Eukaryota; Metazoa; Chordata; Craniata; Vertebrata; Euteleostomi; Mammalia; Eutheria; Euarchontoglires; Primates; Haplorrhini; Catarrhini; Hominidae; Homo"	"PF02816.17^Alpha_kinase^Alpha-kinase family^45-199^E:1.3e-22`PF12796.6^Ank_2^Ankyrin repeats (3 copies)^200-284^E:7.7e-19`PF13857.5^Ank_5^Ankyrin repeats (many copies)^208-259^E:3.9e-07`PF00023.29^Ank^Ankyrin repeat^222-253^E:4.1e-05`PF13606.5^Ank_3^Ankyrin repeat^222-251^E:7.9e-06`PF13637.5^Ank_4^Ankyrin repeats (many copies)^223-269^E:5.2e-10`PF13857.5^Ank_5^Ankyrin repeats (many copies)^248-292^E:3.4e-07`PF00023.29^Ank^Ankyrin repeat^256-286^E:2.9e-05`PF13606.5^Ank_3^Ankyrin repeat^256-283^E:0.00013`PF13637.5^Ank_4^Ankyrin repeats (many copies)^260-308^E:2e-08`PF12796.6^Ank_2^Ankyrin repeats (3 copies)^324-395^E:1.2e-11`PF13637.5^Ank_4^Ankyrin repeats (many copies)^333-385^E:4e-12`PF13606.5^Ank_3^Ankyrin repeat^333-359^E:0.0011`PF13857.5^Ank_5^Ankyrin repeats (many copies)^352-405^E:2e-09`PF00023.29^Ank^Ankyrin repeat^367-395^E:5.5e-05`PF13606.5^Ank_3^Ankyrin repeat^367-392^E:0.0018`PF13637.5^Ank_4^Ankyrin repeats (many copies)^401-451^E:4.9e-07`PF00023.29^Ank^Ankyrin repeat^401-428^E:0.011`PF13637.5^Ank_4^Ankyrin repeats (many copies)^432-484^E:2.6e-08`PF12796.6^Ank_2^Ankyrin repeats (3 copies)^469-555^E:3.1e-09`PF00023.29^Ank^Ankyrin repeat^534-576^E:0.017`PF13637.5^Ank_4^Ankyrin repeats (many copies)^556-598^E:7.2e-05`PF12796.6^Ank_2^Ankyrin repeats (3 copies)^560-619^E:1.5e-07`PF13857.5^Ank_5^Ankyrin repeats (many copies)^564-618^E:4.6e-08`PF00520.30^Ion_trans^Ion transport protein^776-984^E:2.8e-11"	"."	"ExpAA=123.70^PredHel=6^Topology=o724-743i787-809o824-841i854-876o896-918i962-984o"	"COG0666^Ankyrin Repeat"	"KEGG:mmu:277328`KO:K04984"	"GO:0016324^cellular_component^apical plasma membrane`GO:0030424^cellular_component^axon`GO:0016021^cellular_component^integral component of membrane`GO:0005887^cellular_component^integral component of plasma membrane`GO:0032421^cellular_component^stereocilium bundle`GO:0005262^molecular_function^calcium channel activity`GO:0015278^molecular_function^calcium-release channel activity`GO:0015267^molecular_function^channel activity`GO:0042802^molecular_function^identical protein binding`GO:0005216^molecular_function^ion channel activity`GO:1990760^molecular_function^osmolarity-sensing cation channel activity`GO:0097604^molecular_function^temperature-gated cation channel activity`GO:0005245^molecular_function^voltage-gated calcium channel activity`GO:0097553^biological_process^calcium ion transmembrane import into cytosol`GO:0070588^biological_process^calcium ion transmembrane transport`GO:0006816^biological_process^calcium ion transport`GO:0007166^biological_process^cell surface receptor signaling pathway`GO:0071244^biological_process^cellular response to carbon dioxide`GO:0070417^biological_process^cellular response to cold`GO:0034605^biological_process^cellular response to heat`GO:0050968^biological_process^detection of chemical stimulus involved in sensory perception of pain`GO:0050966^biological_process^detection of mechanical stimulus involved in sensory perception of pain`GO:1903793^biological_process^positive regulation of anion transport`GO:0035774^biological_process^positive regulation of insulin secretion involved in cellular response to glucose stimulus`GO:1904058^biological_process^positive regulation of sensory perception of pain`GO:0051289^biological_process^protein homotetramerization`GO:1903522^biological_process^regulation of blood circulation`GO:0098908^biological_process^regulation of neuronal action potential`GO:0009409^biological_process^response to cold`GO:0042493^biological_process^response to drug`GO:0042542^biological_process^response to hydrogen peroxide`GO:0014070^biological_process^response to organic cyclic compound`GO:0010033^biological_process^response to organic substance`GO:0048265^biological_process^response to pain`GO:0019233^biological_process^sensory perception of pain`GO:0050955^biological_process^thermoception`GO:0014832^biological_process^urinary bladder smooth muscle contraction"	"GO:0004674^molecular_function^protein serine/threonine kinase activity`GO:0005524^molecular_function^ATP binding`GO:0006468^biological_process^protein phosphorylation`GO:0005515^molecular_function^protein binding`GO:0005216^molecular_function^ion channel activity`GO:0006811^biological_process^ion transport`GO:0055085^biological_process^transmembrane transport`GO:0016020^cellular_component^membrane"	"."	"."	"Sc0000152"	505038	525499
"Mcavernosa14493"	0.000246625942969106	0.0498925241130527	0.000202993701096014	"Mcavernosa14493"	"PEAM1_ARATH^PEAM1_ARATH^Q:3-225,H:229-491^45.63%ID^E:7e-70^RecName: Full=Phosphoethanolamine N-methyltransferase 1;^Eukaryota; Viridiplantae; Streptophyta; Embryophyta; Tracheophyta; Spermatophyta; Magnoliophyta; eudicotyledons; Gunneridae; Pentapetalae; rosids; malvids; Brassicales; Brassicaceae; Camelineae; Arabidopsis`PEAMT_SPIOL^PEAMT_SPIOL^Q:11-224,H:240-493^49.21%ID^E:5e-68^RecName: Full=Phosphoethanolamine N-methyltransferase;^Eukaryota; Viridiplantae; Streptophyta; Embryophyta; Tracheophyta; Spermatophyta; Magnoliophyta; eudicotyledons; Gunneridae; Pentapetalae; Caryophyllales; Chenopodiaceae; Chenopodioideae; Anserineae; Spinacia`PEAM3_ARATH^PEAM3_ARATH^Q:11-225,H:236-490^47.06%ID^E:5e-68^RecName: Full=Phosphoethanolamine N-methyltransferase 3;^Eukaryota; Viridiplantae; Streptophyta; Embryophyta; Tracheophyta; Spermatophyta; Magnoliophyta; eudicotyledons; Gunneridae; Pentapetalae; rosids; malvids; Brassicales; Brassicaceae; Camelineae; Arabidopsis"	"."	"Mcavernosa14493"	"1-988[+]"	"PEAM1_ARATH^PEAM1_ARATH^Q:3-225,H:229-491^45.63%ID^E:7e-70^RecName: Full=Phosphoethanolamine N-methyltransferase 1;^Eukaryota; Viridiplantae; Streptophyta; Embryophyta; Tracheophyta; Spermatophyta; Magnoliophyta; eudicotyledons; Gunneridae; Pentapetalae; rosids; malvids; Brassicales; Brassicaceae; Camelineae; Arabidopsis`PEAMT_SPIOL^PEAMT_SPIOL^Q:11-224,H:240-493^49.21%ID^E:5e-68^RecName: Full=Phosphoethanolamine N-methyltransferase;^Eukaryota; Viridiplantae; Streptophyta; Embryophyta; Tracheophyta; Spermatophyta; Magnoliophyta; eudicotyledons; Gunneridae; Pentapetalae; Caryophyllales; Chenopodiaceae; Chenopodioideae; Anserineae; Spinacia`PEAM3_ARATH^PEAM3_ARATH^Q:11-225,H:236-490^47.06%ID^E:5e-68^RecName: Full=Phosphoethanolamine N-methyltransferase 3;^Eukaryota; Viridiplantae; Streptophyta; Embryophyta; Tracheophyta; Spermatophyta; Magnoliophyta; eudicotyledons; Gunneridae; Pentapetalae; rosids; malvids; Brassicales; Brassicaceae; Camelineae; Arabidopsis"	"PF02353.19^CMAS^Mycolic acid cyclopropane synthetase^45-103^E:2.7e-11`PF01209.17^Ubie_methyltran^ubiE/COQ5 methyltransferase family^49-102^E:1.6e-05`PF13649.5^Methyltransf_25^Methyltransferase domain^60-155^E:7e-09`PF08241.11^Methyltransf_11^Methyltransferase domain^61-101^E:0.00011"	"."	"."	"ENOG410XP5G^Methyltransferase"	"KEGG:ath:AT3G18000`KO:K05929"	"GO:0005737^cellular_component^cytoplasm`GO:0005829^cellular_component^cytosol`GO:0008168^molecular_function^methyltransferase activity`GO:0000234^molecular_function^phosphoethanolamine N-methyltransferase activity`GO:0042425^biological_process^choline biosynthetic process`GO:0006656^biological_process^phosphatidylcholine biosynthetic process`GO:0009555^biological_process^pollen development`GO:0009860^biological_process^pollen tube growth`GO:0010183^biological_process^pollen tube guidance`GO:0048528^biological_process^post-embryonic root development`GO:0009826^biological_process^unidimensional cell growth"	"GO:0008168^molecular_function^methyltransferase activity`GO:0008152^biological_process^metabolic process"	"."	"."	"Sc0000220"	458355	464654
"Mcavernosa14960"	5.21363311961624e-16	0.00563321094371907	0.000534095209161024	"Mcavernosa14960"	"."	"."	"Mcavernosa14960"	"1-459[+]"	"."	"."	"."	"."	"."	"."	"."	"."	"."	"."	"Sc0000230"	331628	334991
"Mcavernosa15624"	6.53090949337814e-10	2.76758096961787e-06	0.00920199630084003	"Mcavernosa15624"	"."	"."	"Mcavernosa15624"	"1-336[+]"	"."	"."	"."	"."	"."	"."	"."	"."	"."	"."	"Sc0000392"	179871	180206
"Mcavernosa15943"	0.00336355229299625	0.000277277951428603	0.000202993701096014	"Mcavernosa15943"	"."	"."	"Mcavernosa15943"	"1-417[+]"	"."	"."	"."	"."	"."	"."	"."	"."	"."	"."	"Sc0000403"	180462	216010
"Mcavernosa16061"	3.81577167548001e-06	0.000161632138662064	1.1071446659102e-08	"Mcavernosa16061"	"GCY8E_DROME^GCY8E_DROME^Q:49-314,H:299-592^43.73%ID^E:2e-78^RecName: Full=Soluble guanylate cyclase 88E;^Eukaryota; Metazoa; Ecdysozoa; Arthropoda; Hexapoda; Insecta; Pterygota; Neoptera; Holometabola; Diptera; Brachycera; Muscomorpha; Ephydroidea; Drosophilidae; Drosophila; Sophophora`GCYB2_HUMAN^GCYB2_HUMAN^Q:51-304,H:274-523^41.34%ID^E:1e-60^RecName: Full=Guanylate cyclase soluble subunit beta-2;^Eukaryota; Metazoa; Chordata; Craniata; Vertebrata; Euteleostomi; Mammalia; Eutheria; Euarchontoglires; Primates; Haplorrhini; Catarrhini; Hominidae; Homo`GCYB2_RAT^GCYB2_RAT^Q:51-331,H:291-604^37.74%ID^E:5e-59^RecName: Full=Guanylate cyclase soluble subunit beta-2;^Eukaryota; Metazoa; Chordata; Craniata; Vertebrata; Euteleostomi; Mammalia; Eutheria; Euarchontoglires; Glires; Rodentia; Myomorpha; Muroidea; Muridae; Murinae; Rattus"	"."	"Mcavernosa16061"	"1-1005[+]"	"GCY8E_DROME^GCY8E_DROME^Q:49-314,H:299-592^43.73%ID^E:2e-78^RecName: Full=Soluble guanylate cyclase 88E;^Eukaryota; Metazoa; Ecdysozoa; Arthropoda; Hexapoda; Insecta; Pterygota; Neoptera; Holometabola; Diptera; Brachycera; Muscomorpha; Ephydroidea; Drosophilidae; Drosophila; Sophophora`GCYB2_HUMAN^GCYB2_HUMAN^Q:51-304,H:274-523^41.34%ID^E:1e-60^RecName: Full=Guanylate cyclase soluble subunit beta-2;^Eukaryota; Metazoa; Chordata; Craniata; Vertebrata; Euteleostomi; Mammalia; Eutheria; Euarchontoglires; Primates; Haplorrhini; Catarrhini; Hominidae; Homo`GCYB2_RAT^GCYB2_RAT^Q:51-331,H:291-604^37.74%ID^E:5e-59^RecName: Full=Guanylate cyclase soluble subunit beta-2;^Eukaryota; Metazoa; Chordata; Craniata; Vertebrata; Euteleostomi; Mammalia; Eutheria; Euarchontoglires; Glires; Rodentia; Myomorpha; Muroidea; Muridae; Murinae; Rattus"	"PF07701.13^HNOBA^Heme NO binding associated^40-154^E:5.1e-41`PF00211.19^Guanylate_cyc^Adenylate and Guanylate cyclase catalytic domain^165-305^E:3.1e-40"	"."	"."	"COG2114^Guanylate Cyclase"	"KEGG:dme:Dmel_CG4154`KO:K01769"	"GO:0008074^cellular_component^guanylate cyclase complex, soluble`GO:0005886^cellular_component^plasma membrane`GO:0070025^molecular_function^carbon monoxide binding`GO:0005525^molecular_function^GTP binding`GO:0003924^molecular_function^GTPase activity`GO:0004383^molecular_function^guanylate cyclase activity`GO:0020037^molecular_function^heme binding`GO:0046872^molecular_function^metal ion binding`GO:0070026^molecular_function^nitric oxide binding`GO:0019825^molecular_function^oxygen binding`GO:0019826^molecular_function^oxygen sensor activity`GO:0046982^molecular_function^protein heterodimerization activity`GO:0042803^molecular_function^protein homodimerization activity`GO:0006182^biological_process^cGMP biosynthetic process`GO:0035556^biological_process^intracellular signal transduction`GO:0001666^biological_process^response to hypoxia`GO:0000302^biological_process^response to reactive oxygen species`GO:0007165^biological_process^signal transduction"	"GO:0004383^molecular_function^guanylate cyclase activity`GO:0006182^biological_process^cGMP biosynthetic process`GO:0016849^molecular_function^phosphorus-oxygen lyase activity`GO:0009190^biological_process^cyclic nucleotide biosynthetic process`GO:0035556^biological_process^intracellular signal transduction"	"."	"."	"Sc0000407"	208420	215217
"Mcavernosa16192"	6.07045804195736e-25	1.1526756066349e-37	9.55144077107668e-56	"Mcavernosa16192"	"POLR_DROME^POLR_DROME^Q:368-690,H:725-1046^30.82%ID^E:2e-39^RecName: Full=Retrovirus-related Pol polyprotein from type-2 retrotransposable element R2DM;^Eukaryota; Metazoa; Ecdysozoa; Arthropoda; Hexapoda; Insecta; Pterygota; Neoptera; Holometabola; Diptera; Brachycera; Muscomorpha; Ephydroidea; Drosophilidae; Drosophila; Sophophora`PO21_NASVI^PO21_NASVI^Q:368-650,H:698-972^33.45%ID^E:2e-37^RecName: Full=Retrovirus-related Pol polyprotein from type-1 retrotransposable element R2;^Eukaryota; Metazoa; Ecdysozoa; Arthropoda; Hexapoda; Insecta; Pterygota; Neoptera; Holometabola; Hymenoptera; Apocrita; Terebrantes; Chalcidoidea; Pteromalidae; Pteromalinae; Nasonia`POLR_DROME^POLR_DROME^Q:63-366,H:277-594^29.19%ID^E:2e-29^RecName: Full=Retrovirus-related Pol polyprotein from type-2 retrotransposable element R2DM;^Eukaryota; Metazoa; Ecdysozoa; Arthropoda; Hexapoda; Insecta; Pterygota; Neoptera; Holometabola; Diptera; Brachycera; Muscomorpha; Ephydroidea; Drosophilidae; Drosophila; Sophophora`PO21_BRACO^PO21_BRACO^Q:54-367,H:80-409^27.49%ID^E:2e-29^RecName: Full=Retrovirus-related Pol polyprotein from type-1 retrotransposable element R2;^Eukaryota; Metazoa; Ecdysozoa; Arthropoda; Hexapoda; Insecta; Pterygota; Neoptera; Holometabola; Diptera; Nematocera; Sciaroidea; Sciaridae; Bradysia`PO21_NASVI^PO21_NASVI^Q:130-366,H:318-568^32.02%ID^E:8e-26^RecName: Full=Retrovirus-related Pol polyprotein from type-1 retrotransposable element R2;^Eukaryota; Metazoa; Ecdysozoa; Arthropoda; Hexapoda; Insecta; Pterygota; Neoptera; Holometabola; Hymenoptera; Apocrita; Terebrantes; Chalcidoidea; Pteromalidae; Pteromalinae; Nasonia`PO21_BRACO^PO21_BRACO^Q:368-694,H:538-864^28.31%ID^E:4e-23^RecName: Full=Retrovirus-related Pol polyprotein from type-1 retrotransposable element R2;^Eukaryota; Metazoa; Ecdysozoa; Arthropoda; Hexapoda; Insecta; Pterygota; Neoptera; Holometabola; Diptera; Nematocera; Sciaroidea; Sciaridae; Bradysia"	"."	"Mcavernosa16192"	"1-2097[+]"	"POLR_DROME^POLR_DROME^Q:368-690,H:725-1046^30.82%ID^E:2e-39^RecName: Full=Retrovirus-related Pol polyprotein from type-2 retrotransposable element R2DM;^Eukaryota; Metazoa; Ecdysozoa; Arthropoda; Hexapoda; Insecta; Pterygota; Neoptera; Holometabola; Diptera; Brachycera; Muscomorpha; Ephydroidea; Drosophilidae; Drosophila; Sophophora`PO21_NASVI^PO21_NASVI^Q:368-650,H:698-972^33.45%ID^E:2e-37^RecName: Full=Retrovirus-related Pol polyprotein from type-1 retrotransposable element R2;^Eukaryota; Metazoa; Ecdysozoa; Arthropoda; Hexapoda; Insecta; Pterygota; Neoptera; Holometabola; Hymenoptera; Apocrita; Terebrantes; Chalcidoidea; Pteromalidae; Pteromalinae; Nasonia`POLR_DROME^POLR_DROME^Q:63-366,H:277-594^29.19%ID^E:2e-29^RecName: Full=Retrovirus-related Pol polyprotein from type-2 retrotransposable element R2DM;^Eukaryota; Metazoa; Ecdysozoa; Arthropoda; Hexapoda; Insecta; Pterygota; Neoptera; Holometabola; Diptera; Brachycera; Muscomorpha; Ephydroidea; Drosophilidae; Drosophila; Sophophora`PO21_BRACO^PO21_BRACO^Q:54-367,H:80-409^27.49%ID^E:2e-29^RecName: Full=Retrovirus-related Pol polyprotein from type-1 retrotransposable element R2;^Eukaryota; Metazoa; Ecdysozoa; Arthropoda; Hexapoda; Insecta; Pterygota; Neoptera; Holometabola; Diptera; Nematocera; Sciaroidea; Sciaridae; Bradysia`PO21_NASVI^PO21_NASVI^Q:130-366,H:318-568^32.02%ID^E:8e-26^RecName: Full=Retrovirus-related Pol polyprotein from type-1 retrotransposable element R2;^Eukaryota; Metazoa; Ecdysozoa; Arthropoda; Hexapoda; Insecta; Pterygota; Neoptera; Holometabola; Hymenoptera; Apocrita; Terebrantes; Chalcidoidea; Pteromalidae; Pteromalinae; Nasonia`PO21_BRACO^PO21_BRACO^Q:368-694,H:538-864^28.31%ID^E:4e-23^RecName: Full=Retrovirus-related Pol polyprotein from type-1 retrotransposable element R2;^Eukaryota; Metazoa; Ecdysozoa; Arthropoda; Hexapoda; Insecta; Pterygota; Neoptera; Holometabola; Diptera; Nematocera; Sciaroidea; Sciaridae; Bradysia"	"PF00078.26^RVT_1^Reverse transcriptase (RNA-dependent DNA polymerase)^193-318^E:1.5e-09"	"."	"."	"."	"."	"GO:0004190^molecular_function^aspartic-type endopeptidase activity`GO:0004519^molecular_function^endonuclease activity`GO:0046872^molecular_function^metal ion binding`GO:0003676^molecular_function^nucleic acid binding`GO:0003964^molecular_function^RNA-directed DNA polymerase activity"	"."	"."	"."	"Sc0000384"	15887	18022
"Mcavernosa16689"	5.72555475258109e-06	0.0177070666978158	0.000144092229169919	"Mcavernosa16689"	"."	"."	"Mcavernosa16689"	"1-501[+]"	"."	"."	"."	"ExpAA=22.87^PredHel=1^Topology=o37-59i"	"."	"."	"."	"."	"."	"."	"Sc0000062"	791021	796121
"Mcavernosa18261"	0.0352422232677872	0.0177070666978158	0.000534095209161024	"Mcavernosa18261"	"."	"."	"Mcavernosa18261"	"1-1332[+]"	"."	"PF05485.11^THAP^THAP domain^83-154^E:1.3e-07"	"."	"."	"."	"."	"."	"GO:0003676^molecular_function^nucleic acid binding"	"."	"."	"Sc0000294"	345091	361752
"Mcavernosa18820"	0.000362453408173791	0.000180737644281785	0.00308493192368562	"Mcavernosa18820"	"."	"."	"Mcavernosa18820"	"1-1098[+]"	"."	"PF05585.11^DUF1758^Putative peptidase (DUF1758)^81-178^E:3.6e-08"	"."	"."	"."	"."	"."	"."	"."	"."	"Sc0000309"	82435	84146
"Mcavernosa19742"	0.0041510337716357	0.0112831102119884	0.000231196122695733	"Mcavernosa19742"	"."	"."	"Mcavernosa19742"	"1-5745[+]"	"."	"."	"."	"."	"."	"."	"."	"."	"."	"."	"Sc0000339"	199951	211016
"Mcavernosa21328"	8.95494383071553e-38	6.17662680278919e-08	0.000202538794761283	"Mcavernosa21328"	"TRAF6_XENTR^TRAF6_XENTR^Q:13-161,H:57-200^40%ID^E:1e-22^RecName: Full=TNF receptor-associated factor 6;^Eukaryota; Metazoa; Chordata; Craniata; Vertebrata; Euteleostomi; Amphibia; Batrachia; Anura; Pipoidea; Pipidae; Xenopodinae; Xenopus; Silurana`TRF6A_XENLA^TRF6A_XENLA^Q:11-155,H:55-194^41.1%ID^E:2e-20^RecName: Full=TNF receptor-associated factor 6-A;^Eukaryota; Metazoa; Chordata; Craniata; Vertebrata; Euteleostomi; Amphibia; Batrachia; Anura; Pipoidea; Pipidae; Xenopodinae; Xenopus; Xenopus`TRAF6_MOUSE^TRAF6_MOUSE^Q:11-155,H:53-192^38.36%ID^E:4e-20^RecName: Full=TNF receptor-associated factor 6;^Eukaryota; Metazoa; Chordata; Craniata; Vertebrata; Euteleostomi; Mammalia; Eutheria; Euarchontoglires; Glires; Rodentia; Myomorpha; Muroidea; Muridae; Murinae; Mus; Mus`TRAF6_XENTR^TRAF6_XENTR^Q:319-420,H:104-200^38.24%ID^E:2e-09^RecName: Full=TNF receptor-associated factor 6;^Eukaryota; Metazoa; Chordata; Craniata; Vertebrata; Euteleostomi; Amphibia; Batrachia; Anura; Pipoidea; Pipidae; Xenopodinae; Xenopus; Silurana`TRF6A_XENLA^TRF6A_XENLA^Q:319-420,H:104-200^39.22%ID^E:8e-09^RecName: Full=TNF receptor-associated factor 6-A;^Eukaryota; Metazoa; Chordata; Craniata; Vertebrata; Euteleostomi; Amphibia; Batrachia; Anura; Pipoidea; Pipidae; Xenopodinae; Xenopus; Xenopus`TRAF6_MOUSE^TRAF6_MOUSE^Q:319-425,H:102-203^35.51%ID^E:3e-07^RecName: Full=TNF receptor-associated factor 6;^Eukaryota; Metazoa; Chordata; Craniata; Vertebrata; Euteleostomi; Mammalia; Eutheria; Euarchontoglires; Glires; Rodentia; Myomorpha; Muroidea; Muridae; Murinae; Mus; Mus"	"."	"Mcavernosa21328"	"1-1827[+]"	"TRAF6_XENTR^TRAF6_XENTR^Q:13-161,H:57-200^40%ID^E:1e-22^RecName: Full=TNF receptor-associated factor 6;^Eukaryota; Metazoa; Chordata; Craniata; Vertebrata; Euteleostomi; Amphibia; Batrachia; Anura; Pipoidea; Pipidae; Xenopodinae; Xenopus; Silurana`TRF6A_XENLA^TRF6A_XENLA^Q:11-155,H:55-194^41.1%ID^E:2e-20^RecName: Full=TNF receptor-associated factor 6-A;^Eukaryota; Metazoa; Chordata; Craniata; Vertebrata; Euteleostomi; Amphibia; Batrachia; Anura; Pipoidea; Pipidae; Xenopodinae; Xenopus; Xenopus`TRAF6_MOUSE^TRAF6_MOUSE^Q:11-155,H:53-192^38.36%ID^E:4e-20^RecName: Full=TNF receptor-associated factor 6;^Eukaryota; Metazoa; Chordata; Craniata; Vertebrata; Euteleostomi; Mammalia; Eutheria; Euarchontoglires; Glires; Rodentia; Myomorpha; Muroidea; Muridae; Murinae; Mus; Mus`TRAF6_XENTR^TRAF6_XENTR^Q:319-420,H:104-200^38.24%ID^E:2e-09^RecName: Full=TNF receptor-associated factor 6;^Eukaryota; Metazoa; Chordata; Craniata; Vertebrata; Euteleostomi; Amphibia; Batrachia; Anura; Pipoidea; Pipidae; Xenopodinae; Xenopus; Silurana`TRF6A_XENLA^TRF6A_XENLA^Q:319-420,H:104-200^39.22%ID^E:8e-09^RecName: Full=TNF receptor-associated factor 6-A;^Eukaryota; Metazoa; Chordata; Craniata; Vertebrata; Euteleostomi; Amphibia; Batrachia; Anura; Pipoidea; Pipidae; Xenopodinae; Xenopus; Xenopus`TRAF6_MOUSE^TRAF6_MOUSE^Q:319-425,H:102-203^35.51%ID^E:3e-07^RecName: Full=TNF receptor-associated factor 6;^Eukaryota; Metazoa; Chordata; Craniata; Vertebrata; Euteleostomi; Mammalia; Eutheria; Euarchontoglires; Glires; Rodentia; Myomorpha; Muroidea; Muridae; Murinae; Mus; Mus"	"PF00097.24^zf-C3HC4^Zinc finger, C3HC4 type (RING finger)^28-66^E:1.3e-05`PF13445.5^zf-RING_UBOX^RING-type zinc-finger^28-66^E:2.2e-05"	"."	"."	"ENOG410XTXK^TNF receptor-associated factor 6, E3 ubiquitin protein ligase"	"KEGG:xtr:493524`KO:K03175"	"GO:0005737^cellular_component^cytoplasm`GO:0005164^molecular_function^tumor necrosis factor receptor binding`GO:0004842^molecular_function^ubiquitin-protein transferase activity`GO:0008270^molecular_function^zinc ion binding`GO:0070534^biological_process^protein K63-linked ubiquitination`GO:0042981^biological_process^regulation of apoptotic process`GO:0043122^biological_process^regulation of I-kappaB kinase/NF-kappaB signaling`GO:0007165^biological_process^signal transduction"	"GO:0046872^molecular_function^metal ion binding"	"."	"."	"Sc0000518"	60002	80784
"Mcavernosa21465"	0.00816482569484245	0.000633676044145581	0.00468029239919811	"Mcavernosa21465"	"ADAT3_HUMAN^ADAT3_HUMAN^Q:14-325,H:34-346^35.31%ID^E:9e-52^RecName: Full=Probable inactive tRNA-specific adenosine deaminase-like protein 3;^Eukaryota; Metazoa; Chordata; Craniata; Vertebrata; Euteleostomi; Mammalia; Eutheria; Euarchontoglires; Primates; Haplorrhini; Catarrhini; Hominidae; Homo`ADAT3_DANRE^ADAT3_DANRE^Q:14-322,H:27-330^35.23%ID^E:1e-50^RecName: Full=Probable inactive tRNA-specific adenosine deaminase-like protein 3;^Eukaryota; Metazoa; Chordata; Craniata; Vertebrata; Euteleostomi; Actinopterygii; Neopterygii; Teleostei; Ostariophysi; Cypriniformes; Cyprinidae; Danio`ADAT3_MOUSE^ADAT3_MOUSE^Q:14-323,H:35-343^33.43%ID^E:4e-46^RecName: Full=Probable inactive tRNA-specific adenosine deaminase-like protein 3;^Eukaryota; Metazoa; Chordata; Craniata; Vertebrata; Euteleostomi; Mammalia; Eutheria; Euarchontoglires; Glires; Rodentia; Myomorpha; Muroidea; Muridae; Murinae; Mus; Mus"	"."	"Mcavernosa21465"	"1-2244[+]"	"ADAT3_HUMAN^ADAT3_HUMAN^Q:14-325,H:34-346^35.31%ID^E:9e-52^RecName: Full=Probable inactive tRNA-specific adenosine deaminase-like protein 3;^Eukaryota; Metazoa; Chordata; Craniata; Vertebrata; Euteleostomi; Mammalia; Eutheria; Euarchontoglires; Primates; Haplorrhini; Catarrhini; Hominidae; Homo`ADAT3_DANRE^ADAT3_DANRE^Q:14-322,H:27-330^35.23%ID^E:1e-50^RecName: Full=Probable inactive tRNA-specific adenosine deaminase-like protein 3;^Eukaryota; Metazoa; Chordata; Craniata; Vertebrata; Euteleostomi; Actinopterygii; Neopterygii; Teleostei; Ostariophysi; Cypriniformes; Cyprinidae; Danio`ADAT3_MOUSE^ADAT3_MOUSE^Q:14-323,H:35-343^33.43%ID^E:4e-46^RecName: Full=Probable inactive tRNA-specific adenosine deaminase-like protein 3;^Eukaryota; Metazoa; Chordata; Craniata; Vertebrata; Euteleostomi; Mammalia; Eutheria; Euarchontoglires; Glires; Rodentia; Myomorpha; Muroidea; Muridae; Murinae; Mus; Mus"	"."	"."	"ExpAA=22.60^PredHel=1^Topology=o696-718i"	"COG0590^deaminase"	"KEGG:hsa:113179`KO:K15442"	"GO:0005654^cellular_component^nucleoplasm`GO:0003824^molecular_function^catalytic activity`GO:0046872^molecular_function^metal ion binding`GO:0009451^biological_process^RNA modification`GO:0008033^biological_process^tRNA processing"	"."	"."	"."	"Sc0000524"	53199	73400
"Mcavernosa21537"	1.59675810189354e-29	1.89984588063695e-23	6.22112030437525e-32	"Mcavernosa21537"	"."	"."	"Mcavernosa21537"	"1-339[+]"	"."	"."	"."	"ExpAA=21.42^PredHel=1^Topology=o15-37i"	"."	"."	"."	"."	"."	"."	"Sc0000528"	18819	96401
"Mcavernosa22361"	1.57257538775645e-08	6.95888622126815e-05	0.0016182688870919	"Mcavernosa22361"	"EST2_RABIT^EST2_RABIT^Q:17-177,H:4-188^36.76%ID^E:3e-23^RecName: Full=Liver carboxylesterase 2;^Eukaryota; Metazoa; Chordata; Craniata; Vertebrata; Euteleostomi; Mammalia; Eutheria; Euarchontoglires; Glires; Lagomorpha; Leporidae; Oryctolagus`EST2E_MOUSE^EST2E_MOUSE^Q:13-177,H:26-215^36.84%ID^E:2e-22^RecName: Full=Pyrethroid hydrolase Ces2e;^Eukaryota; Metazoa; Chordata; Craniata; Vertebrata; Euteleostomi; Mammalia; Eutheria; Euarchontoglires; Glires; Rodentia; Myomorpha; Muroidea; Muridae; Murinae; Mus; Mus`EST2_HUMAN^EST2_HUMAN^Q:13-177,H:26-215^35.42%ID^E:7e-22^RecName: Full=Cocaine esterase;^Eukaryota; Metazoa; Chordata; Craniata; Vertebrata; Euteleostomi; Mammalia; Eutheria; Euarchontoglires; Primates; Haplorrhini; Catarrhini; Hominidae; Homo"	"."	"Mcavernosa22361"	"1-1959[+]"	"EST2_RABIT^EST2_RABIT^Q:17-177,H:4-188^36.76%ID^E:3e-23^RecName: Full=Liver carboxylesterase 2;^Eukaryota; Metazoa; Chordata; Craniata; Vertebrata; Euteleostomi; Mammalia; Eutheria; Euarchontoglires; Glires; Lagomorpha; Leporidae; Oryctolagus`EST2E_MOUSE^EST2E_MOUSE^Q:13-177,H:26-215^36.84%ID^E:2e-22^RecName: Full=Pyrethroid hydrolase Ces2e;^Eukaryota; Metazoa; Chordata; Craniata; Vertebrata; Euteleostomi; Mammalia; Eutheria; Euarchontoglires; Glires; Rodentia; Myomorpha; Muroidea; Muridae; Murinae; Mus; Mus`EST2_HUMAN^EST2_HUMAN^Q:13-177,H:26-215^35.42%ID^E:7e-22^RecName: Full=Cocaine esterase;^Eukaryota; Metazoa; Chordata; Craniata; Vertebrata; Euteleostomi; Mammalia; Eutheria; Euarchontoglires; Primates; Haplorrhini; Catarrhini; Hominidae; Homo"	"PF00135.27^COesterase^Carboxylesterase family^18-176^E:5.3e-43`PF12012.7^DUF3504^Domain of unknown function (DUF3504)^366-511^E:4e-13`PF00589.21^Phage_integrase^Phage integrase family^481-559^E:2e-05"	"."	"."	"COG2272^Carboxylesterase"	"."	"GO:0005788^cellular_component^endoplasmic reticulum lumen`GO:0052689^molecular_function^carboxylic ester hydrolase activity"	"GO:0003677^molecular_function^DNA binding`GO:0006310^biological_process^DNA recombination`GO:0015074^biological_process^DNA integration"	"."	"."	"Sc0000369"	253350	269613
"Mcavernosa22362"	1.57257538775645e-08	6.95888622126815e-05	0.0016182688870919	"Mcavernosa22362"	"."	"."	"Mcavernosa22362"	"1-363[+]"	"."	"."	"."	"."	"."	"."	"."	"."	"."	"."	"Sc0000369"	255805	309956
"Mcavernosa22932"	0.000173333627447196	0.000928090175270382	0.0213578099542681	"Mcavernosa22932"	"HNRL1_MOUSE^HNRL1_MOUSE^Q:42-427,H:212-601^53.33%ID^E:3e-139^RecName: Full=Heterogeneous nuclear ribonucleoprotein U-like protein 1;^Eukaryota; Metazoa; Chordata; Craniata; Vertebrata; Euteleostomi; Mammalia; Eutheria; Euarchontoglires; Glires; Rodentia; Myomorpha; Muroidea; Muridae; Murinae; Mus; Mus`HNRL1_HUMAN^HNRL1_HUMAN^Q:42-427,H:211-600^53.08%ID^E:3e-139^RecName: Full=Heterogeneous nuclear ribonucleoprotein U-like protein 1;^Eukaryota; Metazoa; Chordata; Craniata; Vertebrata; Euteleostomi; Mammalia; Eutheria; Euarchontoglires; Primates; Haplorrhini; Catarrhini; Hominidae; Homo`HNRPU_HUMAN^HNRPU_HUMAN^Q:42-434,H:288-675^45.2%ID^E:2e-107^RecName: Full=Heterogeneous nuclear ribonucleoprotein U {ECO:0000303|PubMed:1628625};^Eukaryota; Metazoa; Chordata; Craniata; Vertebrata; Euteleostomi; Mammalia; Eutheria; Euarchontoglires; Primates; Haplorrhini; Catarrhini; Hominidae; Homo"	"."	"Mcavernosa22932"	"1-2455[+]"	"HNRL1_MOUSE^HNRL1_MOUSE^Q:42-427,H:212-601^53.33%ID^E:3e-139^RecName: Full=Heterogeneous nuclear ribonucleoprotein U-like protein 1;^Eukaryota; Metazoa; Chordata; Craniata; Vertebrata; Euteleostomi; Mammalia; Eutheria; Euarchontoglires; Glires; Rodentia; Myomorpha; Muroidea; Muridae; Murinae; Mus; Mus`HNRL1_HUMAN^HNRL1_HUMAN^Q:42-427,H:211-600^53.08%ID^E:3e-139^RecName: Full=Heterogeneous nuclear ribonucleoprotein U-like protein 1;^Eukaryota; Metazoa; Chordata; Craniata; Vertebrata; Euteleostomi; Mammalia; Eutheria; Euarchontoglires; Primates; Haplorrhini; Catarrhini; Hominidae; Homo`HNRPU_HUMAN^HNRPU_HUMAN^Q:42-434,H:288-675^45.2%ID^E:2e-107^RecName: Full=Heterogeneous nuclear ribonucleoprotein U {ECO:0000303|PubMed:1628625};^Eukaryota; Metazoa; Chordata; Craniata; Vertebrata; Euteleostomi; Mammalia; Eutheria; Euarchontoglires; Primates; Haplorrhini; Catarrhini; Hominidae; Homo"	"PF00622.27^SPRY^SPRY domain^88-213^E:1.2e-16`PF06414.11^Zeta_toxin^Zeta toxin^249-388^E:4.1e-05`PF13671.5^AAA_33^AAA domain^250-395^E:8.6e-25"	"."	"."	"ENOG410XSBV^Heterogeneous nuclear ribonucleoprotein U-like"	"KEGG:mmu:232989`KO:K15047"	"GO:0005654^cellular_component^nucleoplasm`GO:0005634^cellular_component^nucleus`GO:0019899^molecular_function^enzyme binding`GO:0003723^molecular_function^RNA binding`GO:0006355^biological_process^regulation of transcription, DNA-templated`GO:0009615^biological_process^response to virus`GO:0006396^biological_process^RNA processing`GO:0006351^biological_process^transcription, DNA-templated"	"GO:0005515^molecular_function^protein binding`GO:0005524^molecular_function^ATP binding`GO:0016301^molecular_function^kinase activity"	"."	"."	"Sc0000694"	71356	75962
"Mcavernosa23417"	1.80909256780079e-05	0.000937824067713797	0.00033056103623291	"Mcavernosa23417"	"."	"."	"Mcavernosa23417"	"1-987[+]"	"."	"."	"."	"."	"."	"."	"."	"."	"."	"."	"Sc0000739"	107948	127999
"Mcavernosa23911"	0.000514279303480386	0.00291447083997593	3.62722364157512e-08	"Mcavernosa23911"	"."	"."	"Mcavernosa23911"	"1-825[+]"	"."	"."	"."	"."	"."	"."	"."	"."	"."	"."	"xfSc0000112"	78982	83761
"Mcavernosa25265"	0.0242576640718284	0.0142687982625706	0.00426584548125206	"Mcavernosa25265"	"."	"."	"Mcavernosa25265"	"1-774[+]"	"."	"."	"."	"."	"."	"."	"."	"."	"."	"."	"Sc0000057"	462671	482602
"Mcavernosa27150"	2.08115781971185e-39	8.69584403416027e-23	0.000231196122695733	"Mcavernosa27150"	"ADA29_HUMAN^ADA29_HUMAN^Q:116-215,H:723-820^29.7%ID^E:9e-06^RecName: Full=Disintegrin and metalloproteinase domain-containing protein 29;^Eukaryota; Metazoa; Chordata; Craniata; Vertebrata; Euteleostomi; Mammalia; Eutheria; Euarchontoglires; Primates; Haplorrhini; Catarrhini; Hominidae; Homo"	"."	"Mcavernosa27150"	"1-801[+]"	"ADA29_HUMAN^ADA29_HUMAN^Q:116-215,H:723-820^29.7%ID^E:9e-06^RecName: Full=Disintegrin and metalloproteinase domain-containing protein 29;^Eukaryota; Metazoa; Chordata; Craniata; Vertebrata; Euteleostomi; Mammalia; Eutheria; Euarchontoglires; Primates; Haplorrhini; Catarrhini; Hominidae; Homo"	"."	"sigP:1^16^0.657^YES"	"ExpAA=17.87^PredHel=1^Topology=i2-21o"	"ENOG410XX2M^ADAM metallopeptidase domain"	"KEGG:hsa:11086`KO:K16069"	"GO:0005887^cellular_component^integral component of plasma membrane`GO:0004222^molecular_function^metalloendopeptidase activity`GO:0008237^molecular_function^metallopeptidase activity`GO:0007283^biological_process^spermatogenesis"	"."	"."	"."	"Sc0000984"	7729	37223
"Mcavernosa27528"	1.81699028449059e-31	0.00638789959280826	0.000181086661564801	"Mcavernosa27528"	"."	"."	"Mcavernosa27528"	"1-492[+]"	"."	"."	"."	"."	"."	"."	"."	"."	"."	"."	"Sc0001031"	5622	24210
"Mcavernosa28272"	9.1515195537453e-09	0.0282254460349377	0.000534095209161024	"Mcavernosa28272"	"."	"."	"Mcavernosa28272"	"1-2085[+]"	"."	"."	"."	"."	"."	"."	"."	"."	"."	"."	"Sc0000184"	149415	151499
"Mcavernosa28313"	3.0910735678868e-10	0.000161632138662064	0.000878091570541845	"Mcavernosa28313"	"SMCA2_MOUSE^SMCA2_MOUSE^Q:1-297,H:1096-1493^49.5%ID^E:2e-97^RecName: Full=Probable global transcription activator SNF2L2;^Eukaryota; Metazoa; Chordata; Craniata; Vertebrata; Euteleostomi; Mammalia; Eutheria; Euarchontoglires; Glires; Rodentia; Myomorpha; Muroidea; Muridae; Murinae; Mus; Mus`SMCA4_BOVIN^SMCA4_BOVIN^Q:1-298,H:1113-1524^48.19%ID^E:6e-96^RecName: Full=Transcription activator BRG1;^Eukaryota; Metazoa; Chordata; Craniata; Vertebrata; Euteleostomi; Mammalia; Eutheria; Laurasiatheria; Cetartiodactyla; Ruminantia; Pecora; Bovidae; Bovinae; Bos`SMCA2_HUMAN^SMCA2_HUMAN^Q:1-297,H:1091-1506^47.73%ID^E:2e-95^RecName: Full=Probable global transcription activator SNF2L2;^Eukaryota; Metazoa; Chordata; Craniata; Vertebrata; Euteleostomi; Mammalia; Eutheria; Euarchontoglires; Primates; Haplorrhini; Catarrhini; Hominidae; Homo"	"."	"Mcavernosa28313"	"1-1397[+]"	"SMCA2_MOUSE^SMCA2_MOUSE^Q:1-297,H:1096-1493^49.5%ID^E:2e-97^RecName: Full=Probable global transcription activator SNF2L2;^Eukaryota; Metazoa; Chordata; Craniata; Vertebrata; Euteleostomi; Mammalia; Eutheria; Euarchontoglires; Glires; Rodentia; Myomorpha; Muroidea; Muridae; Murinae; Mus; Mus`SMCA4_BOVIN^SMCA4_BOVIN^Q:1-298,H:1113-1524^48.19%ID^E:6e-96^RecName: Full=Transcription activator BRG1;^Eukaryota; Metazoa; Chordata; Craniata; Vertebrata; Euteleostomi; Mammalia; Eutheria; Laurasiatheria; Cetartiodactyla; Ruminantia; Pecora; Bovidae; Bovinae; Bos`SMCA2_HUMAN^SMCA2_HUMAN^Q:1-297,H:1091-1506^47.73%ID^E:2e-95^RecName: Full=Probable global transcription activator SNF2L2;^Eukaryota; Metazoa; Chordata; Craniata; Vertebrata; Euteleostomi; Mammalia; Eutheria; Euarchontoglires; Primates; Haplorrhini; Catarrhini; Hominidae; Homo"	"PF00271.30^Helicase_C^Helicase conserved C-terminal domain^16-52^E:1.8e-06`PF02178.18^AT_hook^AT hook motif^128-131^E:7900`PF02178.18^AT_hook^AT hook motif^207-214^E:2.4`PF00439.24^Bromodomain^Bromodomain^240-278^E:2.9e-06`PF02178.18^AT_hook^AT hook motif^316-324^E:20"	"."	"."	"COG0553^helicase`COG5076^bromodomain"	"KEGG:mmu:67155`KO:K11647"	"GO:0045111^cellular_component^intermediate filament cytoskeleton`GO:0043231^cellular_component^intracellular membrane-bounded organelle`GO:0071565^cellular_component^nBAF complex`GO:0071564^cellular_component^npBAF complex`GO:0000790^cellular_component^nuclear chromatin`GO:0005654^cellular_component^nucleoplasm`GO:0005634^cellular_component^nucleus`GO:0016514^cellular_component^SWI/SNF complex`GO:0005524^molecular_function^ATP binding`GO:0016887^molecular_function^ATPase activity`GO:0003682^molecular_function^chromatin binding`GO:0004386^molecular_function^helicase activity`GO:0042393^molecular_function^histone binding`GO:0044212^molecular_function^transcription regulatory region DNA binding`GO:0035887^biological_process^aortic smooth muscle cell differentiation`GO:0006325^biological_process^chromatin organization`GO:0006338^biological_process^chromatin remodeling`GO:0030308^biological_process^negative regulation of cell growth`GO:0008285^biological_process^negative regulation of cell proliferation`GO:0045892^biological_process^negative regulation of transcription, DNA-templated`GO:0007399^biological_process^nervous system development`GO:0006334^biological_process^nucleosome assembly`GO:0045944^biological_process^positive regulation of transcription by RNA polymerase II`GO:0045893^biological_process^positive regulation of transcription, DNA-templated"	"GO:0003677^molecular_function^DNA binding`GO:0005515^molecular_function^protein binding"	"."	"."	"Sc0000185"	43112	59288
"Mcavernosa29122"	4.22990826638467e-17	0.000161632138662064	1.14721027333192e-06	"Mcavernosa29122"	"."	"."	"Mcavernosa29122"	"1-2952[+]"	"."	"."	"."	"."	"."	"."	"."	"."	"."	"."	"Sc0001428"	26701	31020
"Mcavernosa29152"	7.10438987660008e-13	8.3163672287174e-29	1.69648775710224e-11	"Mcavernosa29152"	"SPON1_CHICK^SPON1_CHICK^Q:35-134,H:610-712^39.42%ID^E:3e-12^RecName: Full=Spondin-1;^Eukaryota; Metazoa; Chordata; Craniata; Vertebrata; Euteleostomi; Archelosauria; Archosauria; Dinosauria; Saurischia; Theropoda; Coelurosauria; Aves; Neognathae; Galloanserae; Galliformes; Phasianidae; Phasianinae; Gallus`SSPO_BOVIN^SSPO_BOVIN^Q:34-131,H:2479-2579^39.6%ID^E:2e-11^RecName: Full=SCO-spondin;^Eukaryota; Metazoa; Chordata; Craniata; Vertebrata; Euteleostomi; Mammalia; Eutheria; Laurasiatheria; Cetartiodactyla; Ruminantia; Pecora; Bovidae; Bovinae; Bos`SSPO_HUMAN^SSPO_HUMAN^Q:34-131,H:2501-2601^38.61%ID^E:2e-11^RecName: Full=SCO-spondin {ECO:0000305};^Eukaryota; Metazoa; Chordata; Craniata; Vertebrata; Euteleostomi; Mammalia; Eutheria; Euarchontoglires; Primates; Haplorrhini; Catarrhini; Hominidae; Homo`SPON1_CHICK^SPON1_CHICK^Q:35-131,H:497-596^33.66%ID^E:2e-07^RecName: Full=Spondin-1;^Eukaryota; Metazoa; Chordata; Craniata; Vertebrata; Euteleostomi; Archelosauria; Archosauria; Dinosauria; Saurischia; Theropoda; Coelurosauria; Aves; Neognathae; Galloanserae; Galliformes; Phasianidae; Phasianinae; Gallus"	"."	"Mcavernosa29152"	"1-483[+]"	"SPON1_CHICK^SPON1_CHICK^Q:35-134,H:610-712^39.42%ID^E:3e-12^RecName: Full=Spondin-1;^Eukaryota; Metazoa; Chordata; Craniata; Vertebrata; Euteleostomi; Archelosauria; Archosauria; Dinosauria; Saurischia; Theropoda; Coelurosauria; Aves; Neognathae; Galloanserae; Galliformes; Phasianidae; Phasianinae; Gallus`SSPO_BOVIN^SSPO_BOVIN^Q:34-131,H:2479-2579^39.6%ID^E:2e-11^RecName: Full=SCO-spondin;^Eukaryota; Metazoa; Chordata; Craniata; Vertebrata; Euteleostomi; Mammalia; Eutheria; Laurasiatheria; Cetartiodactyla; Ruminantia; Pecora; Bovidae; Bovinae; Bos`SSPO_HUMAN^SSPO_HUMAN^Q:34-131,H:2501-2601^38.61%ID^E:2e-11^RecName: Full=SCO-spondin {ECO:0000305};^Eukaryota; Metazoa; Chordata; Craniata; Vertebrata; Euteleostomi; Mammalia; Eutheria; Euarchontoglires; Primates; Haplorrhini; Catarrhini; Hominidae; Homo`SPON1_CHICK^SPON1_CHICK^Q:35-131,H:497-596^33.66%ID^E:2e-07^RecName: Full=Spondin-1;^Eukaryota; Metazoa; Chordata; Craniata; Vertebrata; Euteleostomi; Archelosauria; Archosauria; Dinosauria; Saurischia; Theropoda; Coelurosauria; Aves; Neognathae; Galloanserae; Galliformes; Phasianidae; Phasianinae; Gallus"	"PF00090.18^TSP_1^Thrombospondin type 1 domain^39-86^E:3.2e-09`PF00090.18^TSP_1^Thrombospondin type 1 domain^94-130^E:0.013"	"sigP:1^22^0.807^YES"	"ExpAA=19.40^PredHel=1^Topology=o4-23i"	"ENOG410XQHP^Extracellular matrix protein"	"KEGG:gga:395657"	"GO:0005576^cellular_component^extracellular region`GO:0046872^molecular_function^metal ion binding`GO:0007155^biological_process^cell adhesion"	"."	"."	"."	"Sc0001437"	12000	21288
"Mcavernosa29916"	3.35644649217206e-29	4.72133875439886e-05	1.66092630869422e-24	"Mcavernosa29916"	"CAAP1_MOUSE^CAAP1_MOUSE^Q:63-137,H:110-184^41.33%ID^E:5e-12^RecName: Full=Caspase activity and apoptosis inhibitor 1;^Eukaryota; Metazoa; Chordata; Craniata; Vertebrata; Euteleostomi; Mammalia; Eutheria; Euarchontoglires; Glires; Rodentia; Myomorpha; Muroidea; Muridae; Murinae; Mus; Mus`CAAP1_HUMAN^CAAP1_HUMAN^Q:65-139,H:132-206^41.33%ID^E:3e-11^RecName: Full=Caspase activity and apoptosis inhibitor 1;^Eukaryota; Metazoa; Chordata; Craniata; Vertebrata; Euteleostomi; Mammalia; Eutheria; Euarchontoglires; Primates; Haplorrhini; Catarrhini; Hominidae; Homo`CAAP1_BOVIN^CAAP1_BOVIN^Q:65-250,H:133-355^26.03%ID^E:5e-11^RecName: Full=Caspase activity and apoptosis inhibitor 1;^Eukaryota; Metazoa; Chordata; Craniata; Vertebrata; Euteleostomi; Mammalia; Eutheria; Laurasiatheria; Cetartiodactyla; Ruminantia; Pecora; Bovidae; Bovinae; Bos"	"."	"Mcavernosa29916"	"1-1235[+]"	"CAAP1_MOUSE^CAAP1_MOUSE^Q:63-137,H:110-184^41.33%ID^E:5e-12^RecName: Full=Caspase activity and apoptosis inhibitor 1;^Eukaryota; Metazoa; Chordata; Craniata; Vertebrata; Euteleostomi; Mammalia; Eutheria; Euarchontoglires; Glires; Rodentia; Myomorpha; Muroidea; Muridae; Murinae; Mus; Mus`CAAP1_HUMAN^CAAP1_HUMAN^Q:65-139,H:132-206^41.33%ID^E:3e-11^RecName: Full=Caspase activity and apoptosis inhibitor 1;^Eukaryota; Metazoa; Chordata; Craniata; Vertebrata; Euteleostomi; Mammalia; Eutheria; Euarchontoglires; Primates; Haplorrhini; Catarrhini; Hominidae; Homo`CAAP1_BOVIN^CAAP1_BOVIN^Q:65-250,H:133-355^26.03%ID^E:5e-11^RecName: Full=Caspase activity and apoptosis inhibitor 1;^Eukaryota; Metazoa; Chordata; Craniata; Vertebrata; Euteleostomi; Mammalia; Eutheria; Laurasiatheria; Cetartiodactyla; Ruminantia; Pecora; Bovidae; Bovinae; Bos"	"PF15335.5^CAAP1^Caspase activity and apoptosis inhibitor 1^66-128^E:8.7e-19"	"."	"."	"ENOG4111MJZ^caspase activity and apoptosis inhibitor 1"	"KEGG:mmu:67770"	"GO:0006915^biological_process^apoptotic process`GO:0042981^biological_process^regulation of apoptotic process"	"GO:0042981^biological_process^regulation of apoptotic process"	"."	"."	"xfSc0000073"	22876	29220
"Mcavernosa30757"	0.0021889972884347	0.014891540494042	0.0146776380672715	"Mcavernosa30757"	"."	"."	"Mcavernosa30757"	"1-591[+]"	"."	"PF14529.5^Exo_endo_phos_2^Endonuclease-reverse transcriptase^28-89^E:2.1e-07"	"."	"."	"."	"."	"."	"."	"."	"."	"Sc0000086"	287731	306921
"Mcavernosa31888"	6.43600432975167e-26	1.25109013899777e-136	9.22502456128438e-41	"Mcavernosa31888"	"."	"."	"Mcavernosa31888"	"1-1269[+]"	"."	"."	"."	"."	"."	"."	"."	"."	"."	"."	"Sc0000272"	522	16414
"Mcavernosa32260"	1.25794935521972e-76	3.79815454153695e-36	7.87629995597258e-05	"Mcavernosa32260"	"."	"."	"Mcavernosa32260"	"1-1587[+]"	"."	"."	"."	"."	"."	"."	"."	"."	"."	"."	"Sc0000285"	307386	363470
